mw_bin_label	bin_start_kda	bin_end_kda	protein_count	marker_count	signaling_prefix_count	family_count	families	marker_genes	signaling_genes	examples_audit_families	audit_burden_score	audit_priority	bin_center_kda	gaussian_effective_candidate_number	gaussian_identity_entropy_bits	gaussian_ambiguity_percentile	gaussian_marker_gaussian_mass	gaussian_signaling_gaussian_mass	gaussian_family_membership_gaussian_mass	gaussian_contextual_audit_burden_index	gaussian_contextual_audit_burden_score_0_100
0.0-2.0 kDa	0.0	2.0	7	0	0	0				tal-1A, tal-2A, tal-3A, Dmel\CG43739, CG1461-5'utr, CG6424-5'utr, Dmel\CG46270	0.35	routine	1.0	31.932347079181906	4.996946692112645	0.9294117647058824	0.0	0.0	0.05622978499333327	0.2680437306501548	26.80437306501548
2.0-4.0 kDa	2.0	4.0	49	0	0	1	Ribosomal_proteins			CG14253-5'utr, Dmel\CG43178, Dmel\CG46525, Dmel\CG45088, MSAmiP, Dmel\CG43200, noncoding_5744, MIP03715_ORF_1, Acp98AB, MIP03715, CG13627-5'utr, Dmel\CG46335, CG43200-3'utr, Mst40, Dmel\CG46310, Dmel\CG45307, CR33939, CG7708-5'utr	3.2	routine	3.0	105.54996384390697	6.721782274265336	0.9541687979539641	0.0	0.0	0.9828463258398813	0.3466014100148068	34.66014100148068
4.0-6.0 kDa	4.0	6.0	104	0	0	1	Ribosomal_proteins			Dmel\CG43965, chr2L_11663230_11663806, BomS3, Dmel\CG45099, Dmel\CG43814, Mst57Db, BomS6, gdl-ORF39, Dmel\CG43251, BomS5, lincRNA.174, Dmel\CG43645, Ost4, Hdac3-5'utr, Dmel\CG43390, Dso1, MtnB, Dmel\CG43694	5.95	routine	5.0	230.24255371524097	7.847010688580768	0.9681841432225063	0.0	0.0	3.433924794004783	0.40290129896352134	40.290129896352134
6.0-8.0 kDa	6.0	8.0	189	0	0	2	Mitochondrial_membrane; Ribosomal_proteins			Tom7, Dmel\CG43610, Dmel\CG46320, Dmel\CG43618, Dmel\CG46456, CG4959, Anp, Dmel\CG43230, Dmel\CG44040, BcDNA:RH07028, Dmel\CG45089, CR43920, Dmel\CG43185, ND-MNLL [Mitochondrial_membrane], Dup99B, Dmel\CG46429, Dmel\CG44355, UQCR-6.4	10.95	elevated	7.0	394.21940678676754	8.62285498945868	0.9748337595907929	0.0	0.0	14.052038771460099	0.45110975568717193	45.110975568717194
8.0-10.0 kDa	8.0	10.0	290	0	0	4	Heat_shock_chaperones; Mitochondrial_membrane; Ribosomal_proteins; Ubiquitin_proteasome			lawc, UQCR-6.4L, E(spl)m6-BFM, p8, BomT2, Dmel\CG17776 [Mitochondrial_membrane], Dmel\CG43182, Ggamma1, Dmel\CG11458, Dmel\CG46433, Dmel\CG44142, Drsl6, NEST:bs34b09, CG15281, ksh, Dmel\CG43169, Dmel\CG42649, RpL38 [Ribosomal_proteins]	17.5	elevated	9.0	575.4722664795252	9.168602592543078	0.9815856777493606	0.0	0.0	28.398313169764677	0.47286352470049803	47.286352470049806
10.0-12.0 kDa	10.0	12.0	343	0	0	6	Apoptosis; Heat_shock_chaperones; Histones; Mitochondrial_membrane; Ribosomal_proteins; Ubiquitin_proteasome			pre-mod(mdg4)-AA, SLIRP1, Dmel\CG7377, CG9167, Dmel\CG43405, hemo, BcDNA:RE60135, Tim8 [Mitochondrial_membrane], Dmel\CG13069, VhaM9.7-b, Dmel\CG33268, inaF-A, Dmel\CG43982, Dmel\CG42806, UQCR-Q, Dmel\CG45486, Dmel\CG42581, Triap1 [Apoptosis]	21.65	elevated	11.0	711.4798188124307	9.474679024935266	0.9910997442455243	0.003178647368075375	0.0	33.87302289074762	0.5013868724884702	50.13868724884703
12.0-14.0 kDa	12.0	14.0	389	0	0	7	Actin_tubulin; Apoptosis; Autophagy; Heat_shock_chaperones; Histones; Mitochondrial_membrane; Ribosomal_proteins			Dmel\CG42568, Dmel\CG14312, Dmel\CG14096, Dmel\CG44362, Dmel\CG42583, ATPsynGL [Mitochondrial_membrane], BaraC, Tst1, Cpr65Av, Dmel\CG13117, Dmel\CG32074, Dmel\CG15034, Dmel\CG32278, Dmel\CG43308, CG10674, Dmel\CG15200, Dmel\CG14984, ND-B12 [Mitochondrial_membrane]	24.7	high	13.0	755.0429664628983	9.560414934529243	0.992838874680307	0.390231240481659	0.04059624312174745	35.18386733030653	0.6186798837410675	61.86798837410675
14.0-16.0 kDa	14.0	16.0	361	1	1	6	Apoptosis; Autophagy; Histones; Mitochondrial_membrane; Ribosomal_proteins; Ubiquitin_proteasome	Atg8a	MED10	Dmel\CG13050, CG13515, Cpr65Ea, BcDNA:RH04491, Dmel\CG13965, strat, dHYPK, DIGF-1, Dmel\CG44088, pal, BcDNA:AT27312, Dmel\CG15404, ITP, Obp18a, Cnep1r1, Dmel\CG13510, Dmel\CG31415, Dmel\CG34185	29.05	high	15.0	795.2703555493765	9.635301583888527	0.9943734015345268	1.4255414166178675	1.8463136982429713	39.01415359815506	0.9129348037738387	91.29348037738387
16.0-18.0 kDa	16.0	18.0	424	1	3	8	Actin_tubulin; Heat_shock_chaperones; Histones; Mitochondrial_membrane; Notch; Protein_phosphatases; Ribosomal_proteins; Ubiquitin_proteasome	RpL32	MED21, MED22, MED9	Chrac-16, Dmel\CG13689, Dmel\CG13239, Dmel\CG7781, Rbp1, RpS23 [Ribosomal_proteins], RpL32 [Ribosomal_proteins], Npc2a, ND-B14.5AL [Mitochondrial_membrane], RpL28 [Ribosomal_proteins], Dmel\CG9568, Dmel\CG11663, Pburs, Dmel\CG11300, MED21, Dmel\CG14658, Blos3, BcDNA:RE30174	35.5	high	17.0	812.8123696835739	9.666778547526238	0.9961125319693095	0.6518416488857891	2.9876208146736074	52.251214080452556	0.8780594312737993	87.80594312737992
18.0-20.0 kDa	18.0	20.0	355	0	1	7	Actin_tubulin; Autophagy; Heat_shock_chaperones; Mitochondrial_membrane; Protein_phosphatases; Ribosomal_proteins; Ubiquitin_proteasome		MED11	ppl, mRpS17 [Ribosomal_proteins], EG:EG0003.8, Dmel\CG13994 [Ubiquitin_proteasome], Dmel\CG13560, BcDNA:AT27976, CCAP, Dmel\CG5500, Dmel\CG34312, RpL34a [Ribosomal_proteins], Dmel\CG15368, Archease, Dmel\CG12426, CG30182, Dmel\CG42655, Gadd45, Dmel\CG15023, RpS11 [Ribosomal_proteins]	24.5	high	19.0	830.2765880961252	9.697448207924557	0.9992838874680307	0.01178637963282473	1.1285006879607455	41.846567197881924	0.6668836927632676	66.68836927632677
20.0-22.0 kDa	20.0	22.0	441	0	2	9	Actin_tubulin; Apoptosis; Heat_shock_chaperones; Histones; Mitochondrial_membrane; RAS_ERK_MAPK; Ribosomal_proteins; Toll_Imd_NFkB; Ubiquitin_proteasome		MED28, Ras85D	retinin, Arf6, Dmel\CG34327, DCTN6-p27, mRpS10, Dmel\CG8300, Glo1, Dmel\CG34251, BcDNA:SD01241, dnd, mt:ND6, CheA7a, Sfp24F, arx, Hand, lectin-33A, Arpc3B [Actin_tubulin], Dmel\CG33654	29.75	high	21.0	814.6017511010788	9.669951105395365	0.9967263427109975	0.07859729045041848	2.328495124565971	37.26344818622663	0.7833175704677703	78.33175704677703
22.0-24.0 kDa	22.0	24.0	358	2	2	6	Actin_tubulin; Heat_shock_chaperones; Mitochondrial_membrane; RAS_ERK_MAPK; Ribosomal_proteins; Ubiquitin_proteasome	Rab5, Rab7	MED31, mad2	Cib2, Dmel\CG31109, Dmel\CG11226, CG14286, Dmel\CG14495, ND-SGDH [Mitochondrial_membrane], BcDNA:GH11730, Dmel\CG16813, VhaPPA1-1, CG15250, Dmel\CG42830, Dmel\CG14455, BP1005, Dmel\CG32797, Rab18, Dmel\CG14777, Dmel\CG34138, Dmel\CG3955	35.4	high	23.0	832.0629987023046	9.700548954288415	0.999693094629156	1.577980689565947	2.596072363327277	34.18858533643368	0.937939213071496	93.7939213071496
24.0-26.0 kDa	24.0	26.0	414	0	2	9	Apoptosis; Autophagy; Heat_shock_chaperones; Histones; Mitochondrial_membrane; Notch; Protein_kinases; Ribosomal_proteins; Ubiquitin_proteasome		MED18, MED7	tun, Dmel\CG12535, Dmel\CG14932, Dmel\CG14086, Dmel\CG43312, GLaz, LSm-4, Polr3G, Dmel\CG33262, Dmel\CG14362, Mabi, CREG, Dmel\CG4000, Dmel\CG13226, Dmel\CG13002, Cfap97D, Dmel\CG9782, Ccp84Ac	29.75	high	25.0	794.1696311839331	9.633303383452489	0.9942710997442455	0.8301842985427518	2.387060004603226	38.811235965396065	0.8835827553467434	88.35827553467433
26.0-28.0 kDa	26.0	28.0	381	0	2	8	Actin_tubulin; GAPDH_metabolic_controls; Heat_shock_chaperones; Histones; Mitochondrial_membrane; Protein_phosphatases; Ribosomal_proteins; Ubiquitin_proteasome		MED20, MED8	CG11134, Gas41, Lipt2, alphaTry, CG9154, Dmel\CG3699, Dmel\CG13616, Dmel\CG12729 [Ubiquitin_proteasome], BcDNA:GH06302, Dmel\CG13603, Vha26, Tsp42Eh, Dmel\CG33340, Osi9, CK02422a, Dmel\CG11672, Sld5, cerv	28.05	high	27.0	820.5596152832491	9.68046434197703	0.9981585677749361	0.012844248878443857	2.6581742559681265	37.35437264614568	0.7593581055581151	75.93581055581151
28.0-30.0 kDa	28.0	30.0	413	0	3	11	Actin_tubulin; Apoptosis; GAPDH_metabolic_controls; Histones; Mitochondrial_membrane; Notch; Protein_phosphatases; Ribosomal_proteins; Toll_Imd_NFkB; Ubiquitin_proteasome; Wnt_Wingless		MED4, MED6, imd	Obp83cd, Dmel\CG12861, CG6171, 15010468, Obp83ef, Jon65Aiv, EG:BACR25B3.6, lectin-29Ca, BaraA1, BaraA2, Dmel\CG32391, Dmel\CG34442, Obp56c, Jhbp7, Ag5r, CG11342, Dmel\CG9150, 312	32.75	high	29.0	808.7362808985584	9.659525523745415	0.9954987212276215	0.30080630711852857	3.5119036744851	37.91869450251321	0.8454642885751098	84.54642885751097
30.0-32.0 kDa	30.0	32.0	362	1	1	12	Actin_tubulin; Apoptosis; Autophagy; GAPDH_metabolic_controls; Histones; JNK_MAPK; Mitochondrial_membrane; Notch; Protein_phosphatases; Ribosomal_proteins; Toll_Imd_NFkB; Ubiquitin_proteasome	porin	Jra	Fire-like, Dmel\CG10053, Dmel\CG13408, Jhbp5, BcDNA:SD21514, Dmel\CG13996, Ip259, Fst, Ric, Osi7, Q9VXA9, fd19B, aqz, mt:CoIII [Mitochondrial_membrane], CAHbeta, Dmel\CG8508, Dmel\CG4815, wupA	33.6	high	31.0	738.8930139448661	9.529221678063784	0.992225063938619	0.9037172362195992	1.6482583936182675	35.06303169534949	0.8452681157292063	84.52681157292064
32.0-34.0 kDa	32.0	34.0	320	0	1	8	Actin_tubulin; Mitochondrial_membrane; Notch; Protein_kinases; Protein_phosphatases; Ribosomal_proteins; Ubiquitin_proteasome; Wnt_Wingless		MED27	Osi3, Mtap, Dmel\CG11095, Cchl, Dmel\CG13622, SPH199, anon2A5 [Mitochondrial_membrane], Dmel\CG10587, Dmel\CG14329, Dmel\CG34295, CG17837, Nubpl, Dmel\CG34206, Ing5, Dmel\CG8252, Dmel\CG34011, Osi6, HDC06756	23.5	high	33.0	705.5807258085175	9.462667341429425	0.9905882352941177	0.17325316314458858	1.5638179098031806	30.01152740730751	0.7464456491799412	74.64456491799412
34.0-36.0 kDa	34.0	36.0	352	2	3	9	Actin_tubulin; Apoptosis; GAPDH_metabolic_controls; Notch; Protein_kinases; Protein_phosphatases; Ribosomal_proteins; Ubiquitin_proteasome; Wnt_Wingless	Gapdh1, Gapdh2	MED19, MED30, TORIP	TORIP, Dmel\CG10973, Teh1, Dmel\CG11617, RpL5 [Ribosomal_proteins], Dmel\CG34444, CAH14, LPP-like, Dmel\CG6067, Dmel\CG10465, MET30, Dmel\CG46434, Dmel\CG6972, Dmel\CG32371, Surf1, jhamt, Dmel\CG14420, Osi18	38.85	high	35.0	695.2077711519433	9.441300398710279	0.9891560102301791	1.8744746287319893	3.02906531261605	31.833378841274886	0.9536333438715959	95.3633343871596
36.0-38.0 kDa	36.0	38.0	329	0	0	7	Apoptosis; Autophagy; Notch; Protein_kinases; Protein_phosphatases; Ribosomal_proteins; Ubiquitin_proteasome			EG:BACR43E12.6, Sbp2, PPP1R15 [Protein_phosphatases], Tengl1, Dmel\CG14511, AnxB9, Mdh1, Dmel\CG1275, jet, Sr-CIII, wmd, anon-WO0242455.53, Zip48C, TBC1d7, JMJD7, elgi [Ubiquitin_proteasome], Ski8, Gmer	21.7	elevated	37.0	709.0691404511031	9.469782499499873	0.9907928388746803	0.5211743780229894	1.0331544997031168	27.118939318065134	0.726907009399379	72.6907009399379
38.0-40.0 kDa	38.0	40.0	339	0	1	7	Histones; Mitochondrial_membrane; Protein_kinases; Protein_phosphatases; RAS_ERK_MAPK; Ubiquitin_proteasome; Wnt_Wingless		Torsin	Dmel\CG10657, BVRA, Dmel\CG12224, sro, AlkB, Dmel\CG11674, QC, CG18512, CG7840, Tssk2, Dmel\CG8746, UBL3 [Ubiquitin_proteasome], Dmel\CG14074, Dmel\CG3397, Rpn8 [Ubiquitin_proteasome], Cyt-c1L, Dmel\CG10931, mtTFB1	23.7	high	39.0	684.0318175800813	9.417919623069224	0.9884398976982097	0.03987071683204243	0.7112456935475231	21.165399252948554	0.6059430575322149	60.59430575322149
40.0-42.0 kDa	40.0	42.0	316	2	0	9	Actin_tubulin; GAPDH_metabolic_controls; Heat_shock_chaperones; Mitochondrial_membrane; Protein_kinases; Protein_phosphatases; RAS_ERK_MAPK; Ubiquitin_proteasome; Wnt_Wingless	Act42A, Act5C		Dmel\CG11367, Dmel\CG7530, Dmel\CG4983, Dmel\CG14445, CG5135, Dmel\CG2082, Cpr97Ea, Ubx, Dmel\CG17287, SP42, Uro, Bace, Gpdh2, Rbp6, Prp38, Dmel\CG5418, FMRFa, Dmel\CG8870	32.55	high	41.0	646.3007599303869	9.336061877734622	0.9852685421994885	1.4256462691181233	0.16271795438257647	30.28721457561442	0.7248480165936795	72.48480165936795
42.0-44.0 kDa	42.0	44.0	313	0	2	8	Actin_tubulin; Apoptosis; JNK_MAPK; Notch; Protein_kinases; Protein_phosphatases; RAS_ERK_MAPK; Ubiquitin_proteasome		Dsor1, bsk	Rpn13 [Ubiquitin_proteasome], Dmel\CG7810, Dmel\CG17134, Fa2h, Pbp45, CG13886, Arp53D [Actin_tubulin], Dmel\CG18563, HL03644, Dmel\CG17440, wkd, Ttc19, Dmel\CG14507, Dmel\CG18808, Dmel\CG12520, beg, Sdc, Rtc1	24.65	high	43.0	657.8731102148262	9.361665535259274	0.9861892583120204	1.000278776653738	1.6930352121186867	33.089554708516644	0.8608629269059458	86.08629269059458
44.0-46.0 kDa	44.0	46.0	330	0	0	10	Actin_tubulin; Autophagy; Heat_shock_chaperones; Mitochondrial_membrane; Protein_kinases; Protein_phosphatases; RAS_ERK_MAPK; Ribosomal_proteins; Ubiquitin_proteasome; Wnt_Wingless			CG12294, CG33047, Dmel\CG11099, Dmel\CG43711, Gr10b, sug, Dmel\CG8539, CtsK2, a6, Pect, BcDNA:SD02419, eIF3m, Dmel\CG2267, Lipt1, betaggt-I, Pk34A [Protein_kinases], anon-WO0118547.731, Dus4	24.0	high	45.0	658.3052547421751	9.362612903496824	0.9863938618925832	0.012854467452987076	1.2174062833476116	28.486095541310334	0.6547004375008779	65.4700437500878
46.0-48.0 kDa	46.0	48.0	307	0	1	13	Actin_tubulin; Autophagy; Heat_shock_chaperones; Histones; Mitochondrial_membrane; Notch; Protein_kinases; Protein_phosphatases; RAS_ERK_MAPK; Ribosomal_proteins; Toll_Imd_NFkB; Ubiquitin_proteasome; Wnt_Wingless		Egfrap	Dmel\CG1105, Dmel\CG14834, SppL, Dmel\CG15056, Or94a, CG12822-PA, Dmel\CG3987, tin, Or42b, Gr85a, Or69a, Egfrap, Dmel\CG7264, Yp3, bip1, Dmel\CG9372, Dmel\CG9775, Gr22a	26.6	high	47.0	651.938164139421	9.34859132214513	0.9856777493606138	0.03696459251633376	0.6762506110100819	33.41494199245338	0.6147920379799828	61.47920379799828
48.0-50.0 kDa	48.0	50.0	300	2	0	12	Actin_tubulin; Apoptosis; Autophagy; Heat_shock_chaperones; Histones; Mitochondrial_membrane; Notch; Protein_kinases; Protein_phosphatases; RAS_ERK_MAPK; Ubiquitin_proteasome; Wnt_Wingless	alphaTub84B, alphaTub84D		GalT5, pre-lola-G, l(3)neo38, anon-WO0118547.264, PolD2 [Notch], sut4, rho-4, Dmel\CG10376, Diap1 [Apoptosis], CG13770, Dmel\CG3635, Dmel\CG10559, carboxypeptidase, 6959, Eig71Ee, cpt, M1BP, brwl	34.0	high	49.0	623.828482929497	9.285005614950755	0.9839386189258312	1.8524404498122626	0.3812631984583527	30.424601710986888	0.761908673433683	76.1908673433683
50.0-52.0 kDa	50.0	52.0	291	1	2	10	Actin_tubulin; Apoptosis; Autophagy; BMP_TGFbeta; Histones; Mitochondrial_membrane; Notch; Protein_kinases; Ubiquitin_proteasome; Wnt_Wingless	betaTub56D	Mad, PVRAP	Dmel\CG33116, T3dh, Dmel\CG12061, Dmel\CG14718, Sry-delta [Notch], Uba3, acs, amls, Stard7, Dmel\CG14696, CG12258, Dmel\CG8563, Herp, Dbct, IP3K1, loqs, eIF4H2, nvd	30.05	high	51.0	582.1295646466418	9.18519647945465	0.9821994884910485	1.79466241114772	1.8270265383505484	23.80787229332231	0.8966429237222577	89.66429237222577
52.0-54.0 kDa	52.0	54.0	265	0	3	8	Actin_tubulin; BMP_TGFbeta; Hedgehog; JNK_MAPK; Mitochondrial_membrane; Protein_kinases; Ubiquitin_proteasome; Wnt_Wingless		Smox, ptch, sgg	Acph-1, ppk30, Jheh2, Dmel\CG8366, Drep4, FBgn, Dmel\CG42826, polyph, Dmel\CG7239, BcDNA:LP01340, ap, Ets65A, path, Sms, Dph2, Orc5, Dmel\CG8785, Argk3	23.75	high	53.0	555.9072210512546	9.118700312115013	0.9803580562659846	0.574722861395065	2.645805259008126	19.808041974498444	0.8272442533095207	82.72442533095207
54.0-56.0 kDa	54.0	56.0	247	1	2	10	Apoptosis; GAPDH_metabolic_controls; Heat_shock_chaperones; Histones; Insulin_PI3K_AKT_TOR; Mitochondrial_membrane; Protein_kinases; Ribosomal_proteins; Ubiquitin_proteasome; Wnt_Wingless	ATPsynbeta	S6KL, S6k	CapaR, Dmel\CG32204, dmGlut, BcDNA:RE64043, ana, sut2, Dmel\CG17782, Mur29B, Rh50, Dmel\CG1774, Dmel\CG11927, Dmel\CG5653, Dmel\CG14015, Dmel\CG18493, Dh44-R2, Dmel\CG15572, trbl, PIG-M	27.85	high	55.0	544.1436083685207	9.087843642241504	0.9794373401534527	0.6717746246879079	3.8389989481179327	18.41576596139362	0.8467486850128729	84.67486850128729
56.0-58.0 kDa	56.0	58.0	277	0	1	9	Apoptosis; Autophagy; GAPDH_metabolic_controls; Mitochondrial_membrane; Notch; Protein_kinases; Protein_phosphatases; Toll_Imd_NFkB; Ubiquitin_proteasome		pll	Rpn3 [Ubiquitin_proteasome], gene, Dmel\CG16721, PIG-Q, Es2, Ofut2, emei, CtIP, Dmel\CG3610, Synd, PGRP-LC, Dmel\CG7352, SmydA-9, mthl6, B-H1, Cp7Fb, VGlut2, Vml	22.1	elevated	57.0	572.5721217066505	9.161313617613402	0.9812787723785166	0.015270487809642585	1.4266263342612344	19.405514818628	0.6638871004604622	66.38871004604621
58.0-60.0 kDa	58.0	60.0	306	0	1	10	Actin_tubulin; Apoptosis; Heat_shock_chaperones; Histones; Insulin_PI3K_AKT_TOR; Mitochondrial_membrane; Protein_kinases; Protein_phosphatases; Ubiquitin_proteasome; Wnt_Wingless		Pten	Dmel\CG7910, Cyp6a9, CG40146, Dmel\CG14868, Dmel\CG7115, TkR86C, swi2, fon, CG11945, Klc, tup, Tpst, CCT2, coro, Dus1, Dmel\CG14655, Adgf-D, TBPH	24.3	high	59.0	584.9633905645502	9.19220252745595	0.9824040920716113	0.0	1.2157367028355843	22.341628821144976	0.6119242432585872	61.19242432585872
60.0-62.0 kDa	60.0	62.0	241	0	2	8	Actin_tubulin; GAPDH_metabolic_controls; Heat_shock_chaperones; Histones; Notch; Protein_kinases; Toll_Imd_NFkB; Ubiquitin_proteasome		Myd88, Panx	Kap-alpha1, gish [Protein_kinases], C901 [Notch], Ubi-p5E [Ubiquitin_proteasome], CG17099, LPCAT, Cyp9h1, Dgkepsilon, Dmel\CG14223, Dmel\CG9784, Eogt, AC, Saft, klg, Ugt49B1, CG13382, Dmel\CG3347, Dmel\CG32454	21.05	elevated	61.0	520.5129323014253	9.023790197939874	0.9785166240409208	0.0	2.0991051856965712	18.29475627390904	0.6684279997103897	66.84279997103897
62.0-64.0 kDa	62.0	64.0	207	0	0	4	Histones; Protein_kinases; Protein_phosphatases; Ubiquitin_proteasome			RluA-2, Dmel\CG5191, NimA, Dmel\CG42304, Ada2b, Dmel\CG7492, emp, anon-WO0140519.45, Dmel\CG1271, BcDNA:GH24648, swa, Dmel\CG3281, Dmel\CG6479, mthl11, Jhedup, Ptp61F [Protein_phosphatases], Snmp1, PH4alphaNE2	13.35	elevated	63.0	434.58380122566217	8.763490589956719	0.9772890025575448	0.07048348723123668	0.3812804789242708	10.692165810184527	0.5666213237130773	56.66213237130773
64.0-66.0 kDa	64.0	66.0	224	1	1	10	Autophagy; BMP_TGFbeta; GAPDH_metabolic_controls; Heat_shock_chaperones; Histones; Protein_kinases; Protein_phosphatases; RAS_ERK_MAPK; Ribosomal_proteins; Ubiquitin_proteasome	ref(2)P	dpp	Atac3, nAChRalpha1, Dmel\CG11380, Dmel\CG17636, Dmel\CG11498, Alat, CG13007, Ttc26, Mfe2, Dmel\CG3544, kairos, d3635, CG33124-PB, Tdp1, CG31668-PB, gas, CG15332, Adck5	25.2	high	65.0	418.4853128138946	8.709033180525536	0.9761636828644501	0.9655665998826064	0.7419413631066192	19.4011866687663	0.7250975171247115	72.50975171247114
66.0-68.0 kDa	66.0	68.0	183	0	1	9	Actin_tubulin; BMP_TGFbeta; Insulin_PI3K_AKT_TOR; Mitochondrial_membrane; Notch; Protein_kinases; Protein_phosphatases; Ubiquitin_proteasome; Wnt_Wingless		foxo	CG10428, CG10532 [Protein_kinases], Dmel\CG13870, DS06874.7, Slc45-1, RanGAP, pie, Dmel\CG11964 [Wnt_Wingless], Dmel\CG10801, Ugt305A1, dyl, vlc, ChLD3, E(var)3-9, Dmel\CG4382, schuy, Mst84B, opa	17.4	elevated	67.0	417.8780300620226	8.706938100735213	0.9758567774936061	0.8320637474097777	1.4852549582156396	19.43646753040447	0.7956103343501095	79.56103343501096
68.0-70.0 kDa	68.0	70.0	195	1	1	7	Autophagy; Heat_shock_chaperones; Hedgehog; Notch; Protein_kinases; Protein_phosphatases; Ubiquitin_proteasome	Cnx99A	aPKC	lovit, CG3430, Cnx99A, Dmel\CG8547, Dus3, Tkt, anon-WO0118547.91, Menl-1, myo, Pgant8, Mettl3, dind, ppk9, Dmel\CG17803, Moe, sav, TyrR, Dmel\CG33296	21.5	elevated	69.0	388.8984313454075	8.60324960532657	0.9746291560102301	0.7932503362248362	1.5067564847427903	21.567173813249845	0.7957074343049408	79.57074343049409
70.0-72.0 kDa	70.0	72.0	180	2	2	3	Heat_shock_chaperones; Histones; Protein_kinases	Hsc70-4, Lam	MED17, Madm	l(2)k01209, Ir94a, Klp59C, mtDNA-helicase, eIF2A, Dmel\CG13786, Dmel\CG9521, Dmel\CG7246, eyg, Hayan, Dmel\CG4669, CCDC151, mxt, RSG7, Ance-4, Hsp70Aa [Heat_shock_chaperones], Hsp70Ab [Heat_shock_chaperones], dpr15	24.25	high	71.0	364.6263110721205	8.510274858347875	0.9737084398976982	1.9591015688694835	2.1024870940249083	14.805353231409219	0.9028702496985683	90.28702496985683
72.0-74.0 kDa	72.0	74.0	147	0	0	5	Actin_tubulin; Heat_shock_chaperones; Protein_kinases; Protein_phosphatases; Wnt_Wingless			Alg9, pasha, Dmel\CG4459, Tdc2, Dmel\CG13605, Fim, dah [Actin_tubulin], Pgant5, byn, CYLD, Rph, Dmtn, IntS10, Hsc70-3 [Heat_shock_chaperones], PK2-R1, Gat, Idua, Dmel\CG13458	11.1	elevated	73.0	321.40970330850337	8.32826967418208	0.972685421994885	0.41032025045442244	0.9112909608796099	8.508905629147291	0.658160667315765	65.8160667315765
74.0-76.0 kDa	74.0	76.0	144	0	2	9	Actin_tubulin; Autophagy; BMP_TGFbeta; Heat_shock_chaperones; Protein_kinases; Protein_phosphatases; RAS_ERK_MAPK; Toll_Imd_NFkB; Ubiquitin_proteasome		Ptcd3, Tak1	Dmel\CG5953, Rsph3, Pgant4, Myb, Papss, dsf, Hsc70-5 [Heat_shock_chaperones], Dmel\CG9289, Dmel\CG8925, Cip4, Dmel\CG5687, Adar, HBS1, Kif3C, Sh, Ptcd3, Cp110, Lasp	16.95	elevated	75.0	304.659851206372	8.251055580570778	0.971150895140665	0.0016280868192002122	1.5715923766421263	13.85286771302858	0.6419496090757943	64.19496090757943
76.0-78.0 kDa	76.0	78.0	160	0	1	9	Autophagy; BMP_TGFbeta; Heat_shock_chaperones; Histones; Insulin_PI3K_AKT_TOR; Mitochondrial_membrane; Notch; Protein_kinases; Ribosomal_proteins		brk	CG2614, Acox57D-p, pira, Dmel\CG11369, Dmel\CG12990, Fmr1, Dmel\CG13097, cg3225, Dmel\CG4822, Gyc89Da, pon, Pak [Protein_kinases], CarT, Dmel\CG10481, Klp64D, sbr, Dmel\CG31693, IP3K2	16.25	elevated	77.0	307.2975550310437	8.26349247815493	0.9715601023017902	0.0	1.3157539344321316	18.096903571604678	0.6104103242560333	61.041032425603326
78.0-80.0 kDa	78.0	80.0	121	0	0	3	Protein_kinases; Ubiquitin_proteasome; Wnt_Wingless			Dmel\CG5608, Gfat1, Dmel\CG15473, Pep, Dmel\CG13325, CG9561, Gyg, IME2 [Protein_kinases], ZnT33D, Ir75d, Dmel\CG7179, Dmel\CG4712, Ror [Protein_kinases], CG9213, nvy, Dmel\CG4576, feo, Nopp140	8.3	elevated	79.0	285.7364649193985	8.158541350660174	0.9700255754475703	0.016484131418597774	0.9656289839448728	10.36013715646065	0.5964790966577163	59.64790966577163
80.0-82.0 kDa	80.0	82.0	128	1	3	8	Apoptosis; BMP_TGFbeta; Heat_shock_chaperones; JNK_MAPK; Protein_kinases; Protein_phosphatases; Ubiquitin_proteasome; Wnt_Wingless	Hsp83	MED15, Med, kay	Dmel\CG33337, Exo70, Mks1, qtc, Cka, Nepl14, Dmel\CG12239, sens-2, Trim9 [Ubiquitin_proteasome], Dmel\CG6225, Dmel\CG13671, m-cup, PIG-Z, Socs36E, Pink1 [Protein_kinases], gro, Dmel\CG12010, Mipep	21.9	elevated	81.0	243.41688059444581	7.927285410026176	0.9686956521739131	0.6876410319874154	2.6510364290375836	8.940721106844641	0.8146283199384818	81.46283199384818
82.0-84.0 kDa	82.0	84.0	114	0	1	4	GAPDH_metabolic_controls; Protein_kinases; RAS_ERK_MAPK; Ubiquitin_proteasome		Raf	Mitofilin, Sec10, BTBD9, Dmel\CG5664, Nep7, Rsph4a, FoxK, CG18499, dx, CG11074, Dmel\CG34141, ths, knon, Dmel\CG44435, yin, Orc3, Mcm5, REPTOR	10.2	elevated	83.0	229.1486650982066	7.840140071115112	0.9680818414322251	0.5253873005459916	1.4532086372222945	10.50524757628501	0.7457510785869574	74.57510785869574
84.0-86.0 kDa	84.0	86.0	92	0	2	4	Actin_tubulin; Notch; Protein_kinases; Ubiquitin_proteasome		Mad1, PAN3	t-Grip84 [Actin_tubulin], Pbp95, CG42342, Mtpalpha, Cog7, Ir40a, P5CS [Notch], bnl, l(2)dtl, Nsun2, CysRS, crn, EG:BACR42I17.8, CG5100, anon-WO0140519.42, TTLL6B [Actin_tubulin], Dmel\CG30471, Fpgs2	10.6	elevated	85.0	201.06599904941964	7.651525327359961	0.9671611253196931	0.007352235862455008	2.7434646208383167	9.001157286280248	0.6987045340204339	69.87045340204338
86.0-88.0 kDa	86.0	88.0	89	0	1	4	Actin_tubulin; Histones; JAK_STAT; Protein_kinases		Stat92E	TTLL3B [Actin_tubulin], Crtp, Tmem63, Best1, Dmel\CG7248, Cad96Ca, Oseg5, tw, Vrp1, Unc-115b, anon-WO0172774.162, Dmel\CG5355, Dmel\CG16786, Dmel\CG10663, BcDNA:AT10318, IKKbeta, Dmel\CG9467, Stat92E [JAK_STAT]	8.95	elevated	87.0	182.53656869220626	7.512041706840956	0.9662404092071611	0.0	1.3636248617971922	6.741409281445672	0.5864188271096777	58.64188271096778
88.0-90.0 kDa	88.0	90.0	86	0	2	6	GAPDH_metabolic_controls; Histones; Notch; Protein_kinases; Protein_phosphatases; Ubiquitin_proteasome		DppIII, MED16	Xpd, Dmel\CG13907, Fili, Sf3a1, Efhc1.2, mal, Nep2, CG10958, trbd [Ubiquitin_proteasome], Sobp, Klp68D, BcDNA:HL07910, su(f), bru1, aru, Dmel\CG31784, zf30C, Oatp33Eb	11.8	elevated	89.0	177.1842995803624	7.46910696115593	0.9653196930946292	0.0	1.7362936684862809	8.650567373201135	0.6258974888818928	62.58974888818928
90.0-92.0 kDa	90.0	92.0	80	0	1	6	Heat_shock_chaperones; Histones; Protein_kinases; Toll_Imd_NFkB; Ubiquitin_proteasome; Wnt_Wingless		arm	Dmel\CG17111, CT30663, Spg7, sca, CG31530, klu, Dmel\CG32320, Gp93 [Heat_shock_chaperones], Tehao, fu [Protein_kinases], hay, CG12084, roq [Ubiquitin_proteasome], Muc96D, CG5033, Mayo, Dyb, Edem2	10.0	elevated	91.0	167.45922208688367	7.387666018149356	0.9645012787723786	0.0	1.7781919856212833	9.286723247124732	0.634502422056441	63.4502422056441
92.0-94.0 kDa	92.0	94.0	76	0	0	4	Autophagy; Histones; Protein_kinases; Ubiquitin_proteasome			Dmel\CG13643, Dmel\CG12241, Dmel\CG8613, POSH, p115, Dmel\CG17732, Usp5 [Ubiquitin_proteasome], Gcn5 [Histones], Dmel\CG5290, topi, Sln, hrg, Dmel\CG15160, br, Tsf2, Klp67A, Mcm6, Not3	6.8	elevated	93.0	157.58462951624364	7.299983013895762	0.9625575447570333	0.0	0.21831342315584668	8.45606630124255	0.46860353726943804	46.860353726943806
94.0-96.0 kDa	94.0	96.0	76	0	1	4	Actin_tubulin; Protein_kinases; Ubiquitin_proteasome; Wnt_Wingless		heph	Hdc, Srpk79D [Protein_kinases], Pdk1 [Protein_kinases], kek6, Brd8, CG12167, CG42506, Dmel\CG31195, EG:125H10.1, prage, Cul4, eEF2, Hil, Noc3, GABA-B-R1, kek1, Dmel\CG10333, Dmel\CG32668 [Wnt_Wingless]	8.3	elevated	95.0	153.5186686387897	7.262270294978861	0.9613299232736573	0.0	1.029024967736325	8.780566138512796	0.5568518914317245	55.68518914317245
96.0-98.0 kDa	96.0	98.0	77	0	1	3	Autophagy; Hedgehog; Protein_kinases		MED25	Zn72D, lmd, CG17740, Dmel\CG11248, Targ, mus304, Lap1, GCS1, D19A, Atg9 [Autophagy], tara, Dnaaf5, lin, nan, Snrk [Protein_kinases], Dmel\CG17816, Reps, 148274_at	7.6	elevated	97.0	163.6391739481912	7.35437434939604	0.9640920716112532	0.0	1.3846778195043745	5.6118472977597	0.5818623320973907	58.18623320973907
98.0-100.0 kDa	98.0	100.0	71	0	0	3	Actin_tubulin; Histones; Insulin_PI3K_AKT_TOR			ClC-c, Dmel\CG31327, simj, CG18546, CG9416-PA, in, Dmel\CG14085, Dmel\CG2938, Ance-3, Dmel\CG10062, rgn, Dmel\CG17739, Dmel\CG10081, Hmgcr, Dmel\CG13160, Appl, PF1, Sdr [Insulin_PI3K_AKT_TOR]	5.8	routine	99.0	153.1424410526307	7.258730348582209	0.9612276214833759	0.0	0.4319142830922408	3.6755165141353565	0.45949142400213294	45.9491424002133
100.0-102.0 kDa	100.0	102.0	73	0	1	3	Actin_tubulin; Protein_kinases; Ubiquitin_proteasome		S6kII	mip120, sano, goe, Su(z)12, Dmel\CG30043, Lerp, Vps39, Nep5, Dmel\CG45067, Dmel\CG5787, mfas, pad, Pcif1, Dmel\CG8665, NT1, Dmel\CG13008, Mcm2, mahe	7.4	elevated	101.0	142.0808916039945	7.150568729986314	0.95846547314578	0.0	0.8555328807008978	4.4637170887134365	0.5009713958346543	50.097139583465434
102.0-104.0 kDa	102.0	104.0	74	0	0	4	Actin_tubulin; Protein_kinases; Protein_phosphatases; Ubiquitin_proteasome			dysf, CG15175, Pde8, Saf-B, CT7856, Dmel\CG1737, GluRIIE, Dmel\CG6834, rgr, Rpn1 [Ubiquitin_proteasome], Prm, alpha-Cat, CG2164, kek5, Dmel\CG9861, gem, Dmel\CG14183, bi	6.7	elevated	103.0	150.2851829886742	7.23155896694314	0.960306905370844	0.0	0.8639525135719321	6.875585370445252	0.5218727064790022	52.18727064790022
104.0-106.0 kDa	104.0	106.0	71	0	4	5	Actin_tubulin; Histones; Insulin_PI3K_AKT_TOR; Protein_kinases; Toll_Imd_NFkB		Dpp10, Toll-9, smog, tor	Toll-9 [Toll_Imd_NFkB], Spps, dgo, Dmel\CG6059, Pkd2, CR31846, Atxn7, CG17740, Dmel\CG10413, Shark [Protein_kinases], GluRIIB, Dmel\CG9411, Cep104, Dmel\CG4907, Vha100-3, smid, TTLL5 [Actin_tubulin], ukar	13.3	elevated	105.0	144.7185479565465	7.1771060275397245	0.9589769820971867	0.0	3.3757106414244067	7.877989919100924	0.6715393194694903	67.15393194694903
106.0-108.0 kDa	106.0	108.0	61	0	1	4	Insulin_PI3K_AKT_TOR; Notch; Protein_phosphatases; Ubiquitin_proteasome		chico	Dmel\CG2839, frtz, tmn, su(w[a]), Calx, Dmel\CG30484, Ir8a, Vinc, Pdpr, twy, crol, Actn, CG5253, Lztr1, Dmel\CG11951, ssp2, CG31177, side	7.55	elevated	107.0	137.6880489565578	7.105259531677823	0.9577493606138108	0.0	1.5413802686375238	5.906786631074323	0.5975509221456232	59.755092214562325
108.0-110.0 kDa	108.0	110.0	76	0	1	5	Actin_tubulin; Protein_kinases; Protein_phosphatases; RAS_ERK_MAPK; Ubiquitin_proteasome		Rel	SP1029, Rhau, CenG1A, pepCG2111, melt, Ir25a, pHCl-1, EMSY, BBS9, Patr-1, CG33090, Orp8, Dmel\CG31343, tio, Dmel\CG14650, ftz-f1, cg9346, Mco1	9.05	elevated	109.0	133.10743248014106	7.056447320775577	0.9561125319693095	0.0	1.2749862490262585	9.391890759704232	0.5890014003549487	58.90014003549487
110.0-112.0 kDa	110.0	112.0	56	0	1	3	Actin_tubulin; Protein_kinases; Ubiquitin_proteasome		MED24	Rgl, side-IV, Cse1, stau, wtrw, Dmel\CG31077, brat, Khc, mip130, stg1, Cals, dbr, Dmel\CG14309, Dmel\CG4849, Rnb, RhoGAP54D, del, KCNQ	6.55	elevated	111.0	134.88426110461765	7.0755782078088	0.9567263427109974	0.0	1.238035199112407	6.602557187813407	0.5685752532143595	56.85752532143595
112.0-114.0 kDa	112.0	114.0	68	0	0	5	Actin_tubulin; Protein_kinases; Protein_phosphatases; Ubiquitin_proteasome; Wnt_Wingless			CG15516, egl, Dmel\CG17707, Dis3, stx, Ccdc39, TTLL3A [Actin_tubulin], defl, Nmdar1, lov, E23, JYalpha, Rev1, Wnt5 [Wnt_Wingless], MstProx, MetRS, solo, Dmel\CG6686	7.15	elevated	113.0	129.54026944782697	7.017256839823032	0.9551918158567775	0.0	0.46103838437826306	9.141010360404236	0.4967570303742277	49.67570303742277
114.0-116.0 kDa	114.0	116.0	49	0	0	5	Actin_tubulin; Notch; Protein_kinases; Protein_phosphatases; Ubiquitin_proteasome			scny [Ubiquitin_proteasome], Dmel\CG32107, Dmel\CG4887, eater, Dmel\CG5877, Dmel\CG16952, Edem1, otk [Protein_kinases], Gcna, S1P, Dmel\CG14442, Ipo9, side-II, LManIII, Dmel\CG12075, Pdzd8, Dmel\CG15635, Pcl	6.2	routine	115.0	107.15732990189738	6.743586728090015	0.9542710997442455	0.0	0.30470691029166563	9.193309170622788	0.4811646467643926	48.11646467643926
116.0-118.0 kDa	116.0	118.0	44	0	1	2	Hedgehog; Ubiquitin_proteasome		smo	CG7198, Clk, Usp1 [Ubiquitin_proteasome], CG8775, unc-5, Gem3, Dmel\CG16989, Ddr, smo [Hedgehog], Unr, Hcs, asl, zfh1, Dmel\CG13457, Apc2, mwh, SPoCk, ome	5.2	routine	117.0	91.7303849721721	6.519327789314686	0.9531457800511509	0.0	0.9046469375542473	3.2928067929058993	0.5012653670078581	50.126536700785806
118.0-120.0 kDa	118.0	120.0	41	0	0	2	Protein_kinases; Ubiquitin_proteasome			Kap3, Dmel\CG31897, Dis3l2, Tsp, CycT, Tao [Protein_kinases], lds, Ack, ebo, sfl, sxc, CG7388, CngB, Dmel\CG7058, Dmel\CG43968, Glt, srl, ValRS	3.55	routine	119.0	85.90075901306807	6.424598973859384	0.9512020460358056	0.0	0.05000767548431008	3.938533516046626	0.4178624949800258	41.78624949800258
120.0-122.0 kDa	120.0	122.0	43	0	0	4	Hedgehog; Insulin_PI3K_AKT_TOR; Protein_kinases; Ubiquitin_proteasome			l(2)05287, Ire1 [Protein_kinases], Lrpprc2, IRSp53 [Insulin_PI3K_AKT_TOR], Dmel\CG15186, lincRNA.S6902, Prp39, Dmel\CG17097, PNUTS, milt, CG14535, Arts, cg33288, Dmel\CG6280, Lpin, boi [Hedgehog], Gp150, Apl	5.15	routine	121.0	77.46425225446899	6.27545879245883	0.9476214833759591	0.0	0.0	5.312374911702991	0.4120698445282003	41.20698445282003
122.0-124.0 kDa	122.0	124.0	29	0	0	3	Actin_tubulin; Protein_kinases; Ubiquitin_proteasome			Impbeta11, Dmel\CG13251, Dmel\CG13921, Nmdar2, GlyT, Dmel\CG10588, wts [Protein_kinases], Dmel\CG3744, Dmel\CG8155, Cpr76Bd, LManII, Psa, emb, Ogdh1, Nin, Liprin-gamma, TTLL4A [Actin_tubulin], dia	3.7	routine	123.0	79.55088700663744	6.313806111841457	0.9486445012787724	0.0	0.15342690423932892	4.090805149201406	0.4290647609583766	42.90647609583766
124.0-126.0 kDa	124.0	126.0	42	0	2	5	JNK_MAPK; Notch; Protein_kinases; RAS_ERK_MAPK; Toll_Imd_NFkB		RAF2, hep	MEP-1, Dmel\CG6614, dati, CG12982, Dmel\CG15599, Pde6, pico, SREBP, BEST:GM10035, ush, spd-2, Pacs, scb, thw, Dna2, FBXO11, Tl [Toll_Imd_NFkB], iav	8.85	elevated	125.0	75.55216124790282	6.239401120655151	0.9458823529411765	0.0	2.014552076697446	5.865604266642465	0.6252469583962337	62.52469583962337
126.0-128.0 kDa	126.0	128.0	43	0	1	4	Actin_tubulin; Insulin_PI3K_AKT_TOR; Protein_kinases; RAS_ERK_MAPK		Pi3K92E	side-V, pic, 2mit, par-1, eag, wry, Eip93F, Dmel\CG4467, mura, Map205, alpha-Man-IIa, subdued, l(2)gl, sac, l(3)L1231, Pi3K92E [Insulin_PI3K_AKT_TOR], X11L, Trpgamma	6.65	elevated	127.0	83.55091385123221	6.38458370296354	0.9499744245524296	0.0	1.4875009456855601	5.30876010676354	0.5867360303805316	58.67360303805316
128.0-130.0 kDa	128.0	130.0	43	0	0	3	Histones; Protein_kinases; Ubiquitin_proteasome			CG12982, fw, mus312, Dmel\CG12983, Dmel\CG14441, Cdk12 [Protein_kinases], Hip1, Polr1B, Lk6 [Protein_kinases], Polr3B, GH25970, 1273, Dmel\CG43333, ACXE, Dmel\CG3356 [Ubiquitin_proteasome], stl, Flacc, Ankle2	4.4	routine	129.0	91.15973571579138	6.510324836931667	0.9529411764705882	0.0	0.3135231838189733	6.173392830627884	0.465104313256403	46.5104313256403
130.0-132.0 kDa	130.0	132.0	36	0	1	3	Protein_kinases; Toll_Imd_NFkB; Ubiquitin_proteasome		Toll-4	cdi, bon, SA1, GCC185, MBD-R2, Dmel\CG18596, Oatp30B, CG31149, chn, Ac3, Usp7 [Ubiquitin_proteasome], Ctr9, mmm, slam, Magi, CG12211, Uba1 [Ubiquitin_proteasome], HDAC6	5.55	routine	131.0	78.27318434776295	6.29044623337927	0.9479283887468031	0.0	1.5531399320004757	5.6623008159079	0.5944994054366645	59.44994054366644
132.0-134.0 kDa	132.0	134.0	32	0	1	4	GAPDH_metabolic_controls; Hedgehog; Protein_kinases; Wnt_Wingless		pan	Sym, pan [Wnt_Wingless], RasGAP1, Dmel\CG4835, PIP82, CG12967, hppy [Protein_kinases], Pcb, Dmel\CG1695, Nrd1, Dgk, slo, CG8970, Msh6, Sordl [GAPDH_metabolic_controls], cos, Dmel\CG7728, Frl	6.1	routine	133.0	69.39216395442692	6.116700851893073	0.9427109974424552	0.0	0.9133063020678766	5.062782845608569	0.5108893449818984	51.08893449818984
134.0-136.0 kDa	134.0	136.0	36	0	2	4	Actin_tubulin; Heat_shock_chaperones; JAK_STAT; Protein_kinases		armi, hop	Dmel\CG5756, Polr2B, kz, srp, L, BcDNA:GH07466, SMC2, Eps-15, hbs, ACXD, Dmel\CG18368, CG32809, Tbcd [Actin_tubulin; Heat_shock_chaperones], Synj, Blimp-1, LeuRS, Sgs1, Nelf-A	7.8	elevated	135.0	75.15407301925059	6.231779388855235	0.9455754475703325	0.0	1.8179949273371063	5.1575321777478695	0.6062099957188845	60.62099957188845
136.0-138.0 kDa	136.0	138.0	36	0	0	4	Histones; JNK_MAPK; Protein_kinases; Protein_phosphatases			scra, ATP7, Dmel\CG1647, Top3alpha, pdm3, HDAC4 [Histones], Prp5, Octbeta3R, Mat89Ba, kuz, Dmel\CG6230, GramD1B, Sf3b3, syd [JNK_MAPK], CG12644, CG7065, anon-15Db, Nlg2	4.8	routine	137.0	77.0896687419557	6.268465623595151	0.9471099744245525	0.0	0.7034701113954414	5.327392734416914	0.4938824849067036	49.388248490670364
138.0-140.0 kDa	138.0	140.0	47	0	1	2	Actin_tubulin; Ubiquitin_proteasome		PAN2	CG32543, bun, tapas, Sec31, prom, GABA-B-R2, Ube4B [Ubiquitin_proteasome], AOX4, Dmel\CG3632, Fur1, PMCA, Ret, Dmel\CG42260, Usp15-31, Asator [Actin_tubulin], pds5, rdgB, PAN2	5.35	routine	139.0	80.67997576093026	6.334138745402553	0.9490537084398977	0.0	1.0078306934294843	3.056601578422005	0.5172080588339124	51.72080588339124
140.0-142.0 kDa	140.0	142.0	28	0	0	2	Histones; Notch			SMC3, Upf2, Dmel\CG9727, AOX2, pod1, CT33170, CG9776, CG18490, Gfrl, CG7766, disco-r, Dmel\CG30122, EHR, mu2, Ca-Ma2d [Notch], pk, Isha, jvl	2.9	routine	141.0	76.72081962447702	6.261546227936995	0.9468030690537085	0.0	0.7097954897205155	2.3016846672860334	0.4698234111665734	46.98234111665734
142.0-144.0 kDa	142.0	144.0	40	0	2	2	Hedgehog; JAK_STAT		dome, ptc	sl, Dmel\CG9068, Dmel\CG32719, dome [JAK_STAT], Dmel\CG6938, SCAP, trp, Mdr49, Fife, Ae2, Elp1, Ac76E, Dmel\CG4213, ptc [Hedgehog], a, SMC1, RhoGAP102A, Muc11A	6.5	elevated	143.0	63.7062285359671	5.993362526060686	0.9411764705882353	0.0	1.8013035108805522	2.562124908303059	0.5848491778181477	58.48491778181477
144.0-146.0 kDa	144.0	146.0	23	0	0	1	Protein_phosphatases			Xpc, Dp1, blo, kibra, RtGEF, Gart, robo3, gprs, Dmel\CG4393, inaE, CG13520, Ptp99A [Protein_phosphatases], Dmel\CG33125, Cap-D3, Dme_CG9270, Mdr50, Nrx-IV, pwn	1.9	routine	145.0	70.16678315274825	6.132716317410599	0.9432225063938618	0.0	0.12590089027723614	2.0678196740831525	0.409432293990085	40.9432293990085
146.0-148.0 kDa	146.0	148.0	37	0	0	2	BMP_TGFbeta; Histones			cyst, Nhe2, Dmel\CG1582, row, CG13256, Kdm2 [Histones], bin3, RhoGAP93B, Gpdh3, Sara [BMP_TGFbeta], Plc21C, Su(z)2, mtd, ed, Dmel\CG10226, Dmel\CG17211, bdg, Kank	3.35	routine	147.0	61.53256113679835	5.943278137198114	0.9407672634271099	0.0	0.04059751718699195	2.518527067663427	0.4041570362424524	40.41570362424524
148.0-150.0 kDa	148.0	150.0	23	0	1	2	Protein_kinases; Ubiquitin_proteasome		MED1	Dmel\CG7376 [Ubiquitin_proteasome], Ih, Myo95E, Pfas, CG17338, Alms1a, XNP, Dmel\CG13131, Vps15 [Protein_kinases], Ndg, gry, Ge-1, Cyfip, CG43427, Pex23, cnn, MED1, Sf3b1	4.15	routine	149.0	54.747870862861355	5.774730954481184	0.93923273657289	0.0	0.8683116306469238	3.07082702322108	0.4906327274229093	49.063272742290934
150.0-152.0 kDa	150.0	152.0	27	0	0	3	Notch; Protein_kinases; Ubiquitin_proteasome			Dmel\CG11898, FER [Protein_kinases], SP2353, salm, Nost, BG:DS03192.2, Dmel\CG4294, Ser [Notch], rk, Rab3-GAP, Kpc1 [Ubiquitin_proteasome], Dmel\CG14120, EP(2)2054, fid, Dmel\CG8492, Eip75B, wisp, Corin	3.6	routine	151.0	53.31612918882427	5.736500137827388	0.9386189258312021	0.0	0.41029341925178753	4.502156651398814	0.4555252186261346	45.55252186261346
152.0-154.0 kDa	152.0	154.0	28	0	1	5	Autophagy; Hedgehog; Protein_kinases; Protein_phosphatases; Toll_Imd_NFkB		Tollo	Dmel\CG4301, rad50, Atg17 [Autophagy], Nlg4, Dme_CG7627, rha, Dmel\CG10132, SNF4Agamma [Protein_kinases], ATP8A, Dred, drosha, Hipk [Protein_kinases], PTP-ER, l(2)03659, ci [Hedgehog], Tollo [Toll_Imd_NFkB], Oseg6, CG2691	6.65	elevated	153.0	56.93526756647135	5.831250676795731	0.9399488491048593	0.0	0.9568999243744495	5.436531233253042	0.521480433966805	52.1480433966805
154.0-156.0 kDa	154.0	156.0	23	0	0	0				CT23878, unc-13-4A, if, Cc2d2a, Taf3, CG17465, CG8154, nolo, Polr3A, Dmel\CG42326, 18w, Grip163, dtn, jing, rdog, Pld, Ask1, Dmel\CG10211	1.15	routine	155.0	48.565152585169365	5.601849589271696	0.9355498721227622	0.0	0.23788458100776858	1.3495357051525718	0.40357129795674535	40.35712979567453
156.0-158.0 kDa	156.0	158.0	22	0	0	1	Ubiquitin_proteasome			tim, Dmel\CG10254, Dmel\CG43795, PolrMT, wde, Rif1, Hecw [Ubiquitin_proteasome], Cftr, Br140, Muc68D, bsf, rho-5, Ice1, Cap-D2, Girdin, pum, thr, Cenp-C	1.85	routine	157.0	50.58317531308012	5.660585698607506	0.9362659846547314	0.0	0.02637020491131483	1.540927833087738	0.38387574293764254	38.38757429376425
158.0-160.0 kDa	158.0	160.0	28	0	1	1	Protein_kinases		Egfr	lqfR, fred, Sik3 [Protein_kinases], Cont, CG7457, Tep2, mus101, Glut1, Tomosyn, Hmr, sle, Gmap, TppII, svr, Chs2, CG11846, NSD, Tango1	3.65	routine	159.0	51.967382307798474	5.699534484532556	0.9376982097186701	0.0	0.9222021879490494	2.211148552287184	0.49012540062453486	49.01254006245349
160.0-162.0 kDa	160.0	162.0	17	0	1	2	Protein_kinases; Toll_Imd_NFkB		Toll-7	Ptp52F, rdgA, Hcf, Nup160, Rok [Protein_kinases], MnM, sws, clu, FAM21, Pde11, Toll-7 [Toll_Imd_NFkB], Cg8945, LRR, CG6740, CG11578, ph-d, Larp4B	3.85	routine	161.0	44.14436018226214	5.464157227963466	0.9347314578005115	0.0	1.438424656001041	3.0953797068029996	0.5617906468192739	56.17906468192739
162.0-164.0 kDa	162.0	164.0	21	0	0	1	Protein_kinases			CG16868, Tlk [Protein_kinases], l(2)k05819, Dmel\CG17233, DAAM, msn [Protein_kinases], mamo, mtt, mmd, Hr4, Pde9, NAT1, l(3)mbt, CG7701, tinc, pns, prc, Dmel\CG34347	1.8	routine	163.0	39.683953755775526	5.310483865059977	0.9315601023017903	0.0	0.16905386887147628	1.6974240453971092	0.4031755663902946	40.31755663902946
164.0-166.0 kDa	164.0	166.0	22	0	1	0			MED26	anne, tn, Top2, Dmel\CG16711, Lpt, spn-E, Cpsf160, Usp10, mesh, Skel, BubR1, tok, Claspin, MED26, Dmel\CG7806, chb, Dark, sima	2.6	routine	165.0	39.83195475844826	5.315854376776743	0.9319693094629156	0.0	0.9939609787826517	0.10004366563434525	0.3943464487228407	39.43464487228407
166.0-168.0 kDa	166.0	168.0	16	0	1	1	Protein_phosphatases		MED23	CG9137, Blm, robo2, Dm_2L:23546, CG33291, Fak, MED23, mam, ph-p, loco, CG11005, Ptp69D [Protein_phosphatases], Fancd2, Dmel\CG12105, cv-d, rempA	3.05	routine	167.0	41.49374724886856	5.37482204598079	0.9337084398976983	0.0	1.3371056497245088	0.9065055574361195	0.4926516822522265	49.26516822522265
168.0-170.0 kDa	168.0	170.0	23	0	0	0				dtr, tutl, sns, Dmel\CG42788, Rbcn-3B, SoYb, CG18419, sli, sba, Tep4, fra, Kul, CG15028, Dmel\CG32681, Dmel\CG15894, Fancm, OtopLc, nsl1	1.15	routine	169.0	42.23531185905243	5.400377798592694	0.9345268542199489	0.0	0.6714560153527002	0.8520346376491049	0.4102166417846523	41.02166417846523
170.0-172.0 kDa	170.0	172.0	15	0	1	2	Protein_kinases; Toll_Imd_NFkB		Toll-6	Golgin245, Toll-6 [Toll_Imd_NFkB], Ank, zld, Acf, Dmel\CG42637, Gyc76C, Pxn, CG13980, Dmel\CG15080, Dmel\CG4744, cnk, Abl [Protein_kinases], GEFmeso, PDZ-GEF	3.75	routine	171.0	39.733435778134194	5.31228164456209	0.9317647058823529	0.0	1.1087727710211872	1.5647582498418369	0.5018656182568721	50.186561825687214
172.0-174.0 kDa	172.0	174.0	17	0	1	1	Ubiquitin_proteasome		MED14	C3G, mahj, atk, Dmel\CG6454, NP_649372, Ulp1, MED14, salsa, Cadps, Dmel\CG31140, Shrm, Tmem131, raskol, MRP, Gyf, Usp47 [Ubiquitin_proteasome], CG4093	3.1	routine	173.0	33.557687352905276	5.068571389942252	0.9297186700767264	0.0	0.8225144074461286	1.1164342686340587	0.44384133201098963	44.38413320109896
174.0-176.0 kDa	174.0	176.0	15	0	0	0				Dmel\CG34027, Alh, RhoGAP15B, ninaC, Col4a1, sol, Dmel\CG33235, Uggt, plx, Nup214, chas, nompA, Dmel\CG8086, osp, RecQ4	0.75	routine	175.0	27.511230037901086	4.781948739445468	0.9261381074168797	0.0	0.10395681930305398	0.48670271897591183	0.3289174469644128	32.89174469644128
176.0-178.0 kDa	176.0	178.0	12	0	1	0			Pvr	Efa6, Dmel\CG42390, Iml1, ImpE1, frac, raptor, Pvr, Mekk1, CG13812, Dmel\CG11970, Duox, Sos	2.1	routine	177.0	25.297639304881212	4.660930858382305	0.9241943734015345	0.0	0.9622808348743763	0.18404313025431046	0.3968797518250827	39.687975182508275
178.0-180.0 kDa	178.0	180.0	11	0	0	1	Protein_kinases			Dmel\CG14322, larp, wge, CT39634, wake, CG32778, RhoGAPp190, Gcn2 [Protein_kinases], dec, CG13632, Asx	1.3	routine	179.0	22.054801658821155	4.463020881065768	0.9205115089514067	0.0	0.26279057330440747	1.379539764177005	0.40305994915317717	40.30599491531772
180.0-182.0 kDa	180.0	182.0	7	0	1	1	Notch		Arms	lilli, sha, sno [Notch], ms(2)34Fe, side-III, Arms, Zmynd8	2.6	routine	181.0	18.938304667648385	4.243235283294103	0.9162148337595908	0.0	0.8470492147099887	0.9258006668658081	0.42585802553428653	42.58580255342865
182.0-184.0 kDa	182.0	184.0	14	0	0	0				LanB2, flz, Eato, kkv, CG11620, fwd, Bap170, Agl, Fur2, Hasp, G9a, Patronin, Daxx, cmb	0.7	routine	183.0	23.8703105566003	4.577145431124925	0.9229667519181586	0.0	0.36393868404851093	0.032914048744738925	0.31229798057052127	31.22979805705213
184.0-186.0 kDa	184.0	186.0	14	0	0	0				cora, Q9VHT6_DROME, pcm, Gucy2d, pros, Dmel\CG17687, brm, wapl, sas, Dmel\CG8908, PolR1A, Alk, Srrm234, Dmel\CG42685	0.7	routine	185.0	26.86693415611899	4.747759796583914	0.9254219948849105	0.0	0.0028672923804811913	0.2294914109296983	0.2940865774511102	29.40865774511102
186.0-188.0 kDa	186.0	188.0	11	0	0	1	Protein_kinases			gek [Protein_kinases], Dmel\CG10543, Cad99C, mon2, Crag, Ino80, Arip4, CG15703, arr, Cirl, Sec71	1.3	routine	187.0	27.865215339305177	4.800393397334326	0.9271611253196931	0.0	0.0	1.3471854128068113	0.3620534392246601	36.20534392246601
188.0-190.0 kDa	188.0	190.0	17	0	0	1	Histones			Ac13E, Set1 [Histones], tho2, mfr, enc, l(1)G0196, woc, form3, Ac78C, CLIP-190, chif, unc-104, GluProRS, polybromo, hwt, AdamTS-A, CG32689	1.6	routine	189.0	30.139083058094993	4.913563620394361	0.9289002557544757	0.0	0.0	0.9014815321453598	0.33222506393861895	33.22250639386189
190.0-192.0 kDa	190.0	192.0	11	0	0	0				Dmel\CG6040, Dmel\CG1801, Dmel\CG31635, Mrtf, Setx, Muc30E, gukh, anon-WO0140519.52, Chc, Gapvd1, Tdg	0.55	routine	191.0	26.023826329831792	4.701761194576768	0.9249104859335039	0.0	0.0	0.034330044800738424	0.2623131477991654	26.23131477991654
192.0-194.0 kDa	192.0	194.0	11	0	0	0				Slik, nompC, Dmel\CG7029, ssp3, Abca3, c11.1, spri, ec, ATP8B, CG8473, vkg	0.55	routine	193.0	23.498222864455684	4.554479746929341	0.9225575447570332	0.0	0.0	0.2981415412881139	0.29445517566294255	29.445517566294257
194.0-196.0 kDa	194.0	196.0	14	0	0	1	Ubiquitin_proteasome			Rbp, DIP2, Dmel\CG1494, ana1, Mur2B, Neurl4 [Ubiquitin_proteasome], Trf2, Dmel\CG6052, CG7696, Muc68E, cic, Oseg2, Dmel\CG10185, mute	1.45	routine	195.0	21.963260905404322	4.457020363383399	0.9204092071611253	0.0	0.0	0.907360965324315	0.33108914389554445	33.10891438955444
196.0-198.0 kDa	196.0	198.0	5	0	0	0				Nup153, Zcchc7, THADA, mxc, Dcr-2	0.25	routine	197.0	18.64962882130299	4.221075012070591	0.9152941176470588	0.0	0.0	0.4436508596359332	0.30184984520123836	30.184984520123837
198.0-200.0 kDa	198.0	200.0	9	0	0	1	Ubiquitin_proteasome			RhoGAP100F, LanB1, Remo, Ltn1 [Ubiquitin_proteasome], CG43867, Prosap, Usp32 [Ubiquitin_proteasome], Nrx-1, tyf	1.2	routine	199.0	17.758755670785185	4.150458592652013	0.9128388746803069	0.0	0.0	2.0110205379925294	0.3765649818279715	37.65649818279715
200.0-202.0 kDa	200.0	202.0	8	0	0	1	Histones			Ptp4E, mop, scrib, CadN2, Spt20, Cad74A, CG12973, gpp [Histones]	1.15	routine	201.0	14.804705357091654	3.8879838732047447	0.9055754475703325	0.0	0.0	1.2443956087684243	0.35238070399784627	35.238070399784625
202.0-204.0 kDa	202.0	204.0	8	0	0	1	Notch			velo, Mcr, stum, BG:DS03323.1 [Notch], CG40500, rsh, CG12436, Kdm5	1.15	routine	203.0	16.411610801388367	4.036644941363963	0.9086445012787724	0.0	0.0	1.204633181654369	0.35117428321442995	35.11742832144299
204.0-206.0 kDa	204.0	206.0	11	0	0	0				gig, CdGAPr, rols, fab1, hlk, ZAP3, SLO2, fs(1)h, CG15607, peb, CG11460	0.55	routine	205.0	18.549000856659212	4.213269572948301	0.9149872122762148	0.0	0.0	0.21149550735881276	0.28532575043747477	28.532575043747478
206.0-208.0 kDa	206.0	208.0	4	0	0	0				CG42286, Dmel\CG13991, clos, fs(1)M3	0.2	routine	207.0	16.721590189466834	4.063640146215818	0.9095652173913044	0.0	0.0	0.3994878118840286	0.29795051487414187	29.795051487414188
208.0-210.0 kDa	208.0	210.0	11	0	0	1	Ubiquitin_proteasome			didum, Spg11, Ubr1 [Ubiquitin_proteasome], Spt6, Dmel\CG15040, vir, Polr2A, anon-WO0140519.124, f, Gp210, Dlg5	1.3	routine	209.0	19.036638467025686	4.250706841647229	0.9166240409207161	0.0	0.0	1.181743323279309	0.3520178523354422	35.20178523354422
210.0-212.0 kDa	210.0	212.0	12	0	0	2	Insulin_PI3K_AKT_TOR; Protein_kinases			Nup98-96, CG34048, Pi3K68D [Insulin_PI3K_AKT_TOR], Dmel\CG16779, Pura, Dmel\CG2861, eIF4G1, qin, CG34384, sti [Protein_kinases], tea, Chd1	2.1	routine	211.0	23.83310452164394	4.574894985410764	0.9228644501278772	0.0	0.0	2.1961005991336457	0.3807161125319693	38.07161125319693
212.0-214.0 kDa	212.0	214.0	12	0	0	1	Ubiquitin_proteasome			CG8858 [Ubiquitin_proteasome], cac, CG9487, e(y)3, Pcf11, Cngl, Hel89B, Gug, Dmel\CG18304, Nup188, hang, px	1.35	routine	213.0	22.695444229393264	4.50433082203827	0.9211253196930946	0.0	0.0	1.6579612959774779	0.36876817202853684	36.87681720285369
214.0-216.0 kDa	214.0	216.0	7	0	0	2	Autophagy; Insulin_PI3K_AKT_TOR			PAPLA1, rictor [Insulin_PI3K_AKT_TOR], RhoGEF64C, Atg2 [Autophagy], jv, tai, l(3)psg2	1.85	routine	215.0	16.877660176217038	4.07704300567724	0.9098721227621483	0.0	0.0	1.9002995837536711	0.3722048727958003	37.22048727958003
216.0-218.0 kDa	216.0	218.0	7	0	0	0				BcDNA:GH04922, CG5521, Dscam4, Cad87A, Wdr81, sdt, ca	0.35	routine	217.0	14.424480906763366	3.8504474964816358	0.9048593350383631	0.0	0.0	0.15845603431390126	0.2776950969174855	27.76950969174855
218.0-220.0 kDa	218.0	220.0	6	0	0	0				PlexA, mim, Khc-73, mld, Dmel\CG13917, yl	0.3	routine	219.0	14.391560868187629	3.8471511660951307	0.9046547314578005	0.0	0.0	0.0013827099130568404	0.23208473549602907	23.208473549602907
220.0-222.0 kDa	220.0	222.0	8	0	0	0				FBgn, Cad86C, garz, Sin3A, Stacl, Cda5, Cad88C, cana	0.4	routine	221.0	15.961048933071387	3.996483561034951	0.9078260869565218	0.0	0.0	0.3538511130363428	0.2942262585812357	29.42262585812357
222.0-224.0 kDa	222.0	224.0	9	0	0	2	Actin_tubulin; Protein_phosphatases			Dscam1, pps, Dmel\CG14200, Ptp10D [Protein_phosphatases], Spc105R, mtgo, t-Grip91 [Actin_tubulin], Dora, Camta	1.95	routine	223.0	18.736974753746967	4.227816131123978	0.9157033248081842	0.0	0.0	1.9653955136275902	0.37563635751783553	37.56363575178355
224.0-226.0 kDa	224.0	226.0	13	0	0	1	Protein_kinases			Mi-2, ldd, Mhc, Mur89F, Exn, Sbf, Dmel\CG15824, dop [Protein_kinases], Trpm, ana3, Lrp4, msps, CG10020	1.4	routine	225.0	20.55675321383578	4.361540514468298	0.9188746803069053	0.0	0.0	1.710760515085632	0.36985024902409475	36.98502490240948
226.0-228.0 kDa	226.0	228.0	8	0	0	1	RAS_ERK_MAPK			Rab3-GEF [RAS_ERK_MAPK], eIF4G2, cno, shtd, Tmc, Dscam2, Dmel\CG5937, Cep290	1.15	routine	227.0	19.194687279659046	4.26263515083882	0.9167263427109974	0.0	0.0	1.0903703337443753	0.3453000067303809	34.53000067303809
228.0-230.0 kDa	228.0	230.0	5	0	0	1	Protein_phosphatases			Dscam3, E(Pc), Lar [Protein_phosphatases], CG6947, PolQ	1.0	routine	229.0	14.10179630565728	3.817807041639158	0.9043478260869565	0.0	0.0	1.0137581927441772	0.3389159038901602	33.89159038901602
230.0-232.0 kDa	230.0	232.0	6	0	0	0				asp, Helz, mbc, sif, X11Lbeta, PlexB	0.3	routine	231.0	14.064730899952721	3.814010044765878	0.9042455242966752	0.0	0.0	0.15114474867791008	0.2762258547583793	27.62258547583793
232.0-234.0 kDa	232.0	234.0	9	0	0	0				Glts, RhoGAP19D, CG31652, Root, Dmel\CG10011, sbb, Spn, crb, ct	0.45	routine	233.0	18.32693508507836	4.195893631050299	0.9146803069053708	0.0	0.0	0.0004190731207195909	0.22899902409476375	22.899902409476375
234.0-236.0 kDa	234.0	236.0	10	0	0	0				eys, toc, Nirvana, Nav, Zir, Dmel\CG43366, IntS1, Nup205, Elys, nocte	0.5	routine	235.0	17.185587015010114	4.103127226154173	0.9116112531969309	0.0	0.0	0.0	0.22790281329923273	22.790281329923275
236.0-238.0 kDa	236.0	238.0	6	0	0	0				zip, Nipped-B, EP2317, Dmel\CG12499, Heatr1, Heatr5	0.3	routine	237.0	13.141886998019304	3.716100537003309	0.901994884910486	0.0	0.02121800833203966	0.02121800833203966	0.2638822575477607	26.38822575477607
238.0-240.0 kDa	238.0	240.0	8	0	1	1	Insulin_PI3K_AKT_TOR		InR	Zasp52, fs(1)N, cher, Taf1, para, xmas, rod, InR [Insulin_PI3K_AKT_TOR]	2.65	routine	239.0	13.702843880040934	3.776403435215558	0.9033248081841432	0.0	0.7400505026752809	0.7400505026752809	0.4003753879239537	40.037538792395374
240.0-242.0 kDa	240.0	242.0	6	0	0	0				PolZ1, Myo81F, MESR4, axo, CG6448, ocm	0.3	routine	241.0	13.287492444689041	3.7319969663229333	0.9026086956521739	0.0	0.47275939987298254	0.47275939987298254	0.36078021871513133	36.07802187151313
242.0-244.0 kDa	242.0	244.0	4	0	0	0				Pi4KIIIalpha, Dab, Myo28B1, CG12432	0.2	routine	243.0	12.078324038445958	3.5943483782617527	0.900153452685422	0.0	0.0055314763486979095	0.010358990275463633	0.2509889576327155	25.09889576327155
244.0-246.0 kDa	244.0	246.0	6	0	0	0				CG15207, Brr2, nrm, Mhcl, klar, Lmpt	0.3	routine	245.0	12.16902081297007	3.60514118035016	0.9003580562659846	0.0	0.0	0.5601690214481977	0.3045303035401804	30.45303035401804
246.0-248.0 kDa	246.0	248.0	6	0	0	2	Histones; Ubiquitin_proteasome			sdk, ash1 [Histones], r, Ubr3 [Ubiquitin_proteasome], na, spg	1.8	routine	247.0	12.22071331347104	3.611256591482056	0.900460358056266	0.0	0.0	1.759381771128285	0.36623351056669806	36.623351056669804
248.0-250.0 kDa	248.0	250.0	5	0	0	0				Sur, zye, BRWD3, Adcy1, obe	0.25	routine	249.0	10.199092690486788	3.3503689108923247	0.8960613810741688	0.0	0.0	0.18666306434662103	0.2791140294790685	27.91140294790685
250.0-252.0 kDa	250.0	252.0	4	0	0	0				east, ck, Cad89D, cmet	0.2	routine	251.0	6.84430496477444	2.7749040440712758	0.8916624040920716	0.0	0.0	0.0016243202680027297	0.23048139049670213	23.048139049670212
252.0-254.0 kDa	252.0	254.0	3	0	0	0				Jarid2, Dmel\CG2926, Sptz	0.15	routine	253.0	5.974283743776946	2.5787657589106248	0.8866496163682864	0.0	0.0	0.24364526057982497	0.2803795093552295	28.03795093552295
254.0-256.0 kDa	254.0	256.0	4	0	0	1	Histones			enok [Histones], brp, Dcr-1, cv-c	0.95	routine	255.0	10.540918949395278	3.397928740415068	0.8969820971867007	0.0	0.0	1.1520179442958043	0.3456271032440436	34.562710324404364
256.0-258.0 kDa	256.0	258.0	7	0	0	1	Histones			Sec16, FBgn0053978, tay, PolE1, Set2 [Histones], trio, Tig	1.1	routine	257.0	10.482402026421251	3.389897441011876	0.8967774936061381	0.0	0.0	1.064838608247844	0.33998384708574503	33.998384708574505
258.0-260.0 kDa	258.0	260.0	3	0	0	1	Histones			Cht10, htk, trr [Histones]	0.9	routine	259.0	7.056179556361979	2.8188872731654224	0.8919693094629156	0.0	0.0	0.7967621518931599	0.3159199589446763	31.59199589446763
260.0-262.0 kDa	260.0	262.0	2	0	0	0				Ziz, Apc	0.1	routine	261.0	7.403528336444699	2.888212987003827	0.8928900255754476	0.0	0.0	0.5033367882521833	0.29920934849912506	29.920934849912506
262.0-264.0 kDa	262.0	264.0	5	0	0	0				Mgtor, Ptip, hob, Wdr62, pyd	0.25	routine	263.0	6.42829366170064	2.684435836698446	0.8895140664961637	0.0	0.0	0.006538874561064507	0.2378390429398304	23.783904293983042
264.0-266.0 kDa	264.0	266.0	3	0	0	0				Ncoa6, beta-Spec, FASN2	0.15	routine	265.0	6.570879857628602	2.716086564040449	0.8903324808184143	0.0	0.0	0.0	0.22258312020460358	22.25831202046036
266.0-268.0 kDa	266.0	268.0	2	0	0	0				CG6108, FASN3	0.1	routine	267.0	6.0810626762715065	2.604323459165846	0.8873657289002558	0.0	0.0	0.0011595935890200508	0.22644669538295867	22.644669538295865
268.0-270.0 kDa	268.0	270.0	2	0	0	0				Dmel\CG7518, anon-WO03042407.98	0.1	routine	269.0	5.28008952340842	2.400562390546316	0.8808184143222506	0.0	0.0	0.24573936449005668	0.2792506562121416	27.925065621214163
270.0-272.0 kDa	270.0	272.0	3	0	0	1	Histones			CG6915, kon, Hers [Histones]	0.9	routine	271.0	5.053300405471029	2.337225946945971	0.8792838874680307	0.0	0.0	1.1297629518277796	0.3393933402880603	33.93933402880603
272.0-274.0 kDa	272.0	274.0	3	0	0	1	Protein_kinases			Rme-8, Wnk [Protein_kinases], Pzl	0.9	routine	273.0	3.7337577513020426	1.900628327582175	0.8672122762148338	0.0	0.0	1.056125959734938	0.3320991216852874	33.20991216852874
276.0-278.0 kDa	276.0	278.0	3	0	0	0				shn, CG14318, FASN1	0.15	routine	277.0	6.068233340204105	2.6012765622301144	0.8872634271099744	0.0	0.0	0.12763358841931344	0.2696776988827568	26.96776988827568
278.0-280.0 kDa	278.0	280.0	6	0	0	1	Protein_kinases			alpha-Spec, Acc, Lrrk [Protein_kinases], Fhos, kto, Prp8	1.05	routine	279.0	10.673833043298625	3.416006445325771	0.8971867007672635	0.0	0.0	1.1260750396777803	0.3435400962444475	34.35400962444475
280.0-282.0 kDa	280.0	282.0	5	0	0	1	Protein_kinases			skd, Epg5, RhoGEF2, mTor [Protein_kinases], Not1	1.0	routine	281.0	8.22808412599282	3.0405565444136737	0.8944245524296676	0.0	0.0	1.1428199304303146	0.34400087494952214	34.40008749495222
284.0-286.0 kDa	284.0	286.0	4	0	0	0				osa, CG9817, tud, CG17926	0.2	routine	285.0	4.5128050215794975	2.1740244474010546	0.8756010230179028	0.0	0.0	0.0009802236898256906	0.22301209785973886	22.301209785973885
286.0-288.0 kDa	286.0	288.0	2	0	0	0				sev, bbg	0.1	routine	287.0	6.413867832293631	2.681194625114275	0.8894117647058823	0.0	0.0	0.24585142040409003	0.2815634674922601	28.156346749226007
288.0-290.0 kDa	288.0	290.0	4	0	0	2	Notch; Protein_kinases			CAP, N [Notch], mei-41 [Protein_kinases], Piezo	1.7	routine	289.0	5.827124988466548	2.5427842559927623	0.8850127877237852	0.0	0.0	1.9364047086227698	0.3674703021941042	36.74703021941042
290.0-292.0 kDa	290.0	292.0	1	0	0	0				CG15099	0.05	routine	291.0	5.83584547210863	2.5449416825062987	0.8853196930946291	0.0	0.0	0.3476567836132416	0.2877772916947099	28.777729169470987
292.0-294.0 kDa	292.0	294.0	4	0	0	0				ndl, BEST:LD19244, Ca-alpha1D, l(3)80Fj	0.2	routine	293.0	5.563184546406461	2.4759109646189095	0.8828644501278773	0.0	0.0	0.0011877080193691246	0.22581479674249563	22.581479674249564
294.0-296.0 kDa	294.0	296.0	1	0	0	0				mud	0.05	routine	295.0	3.8228796981673434	1.9346598008557403	0.8679283887468031	0.0	0.0	0.0	0.21698209718670078	21.69820971867008
296.0-298.0 kDa	296.0	298.0	1	0	0	0				PsGEF	0.05	routine	297.0	2.334229571813363	1.22294645728744	0.8421483375959079	0.0	0.0	0.0	0.21053708439897698	21.053708439897697
298.0-300.0 kDa	298.0	300.0	3	0	0	0				Nup358, Rim, tnc	0.15	routine	299.0	5.22173762101535	2.3845299677292724	0.8805115089514066	0.0	0.0	0.007012801260930959	0.2360818246062727	23.60818246062727
300.0-302.0 kDa	300.0	302.0	2	0	0	0				E(bx), CG11008	0.1	routine	301.0	5.813277138401852	2.5393516883164553	0.8848081841432225	0.0	0.0	0.5164378697850547	0.2980112565621214	29.80112565621214
302.0-304.0 kDa	302.0	304.0	2	0	0	1	Ubiquitin_proteasome			Ufd4 [Ubiquitin_proteasome], Nuak	0.85	routine	303.0	3.684193417323467	1.8813488037985506	0.8669053708439898	0.0	0.0	0.6965731065799242	0.30389739534257637	30.389739534257636
304.0-306.0 kDa	304.0	306.0	1	0	0	0				Ten-m	0.05	routine	305.0	3.2666584738461064	1.7078156302139096	0.8627109974424553	0.0	0.0	0.017208277370013535	0.23969090725535067	23.969090725535068
306.0-308.0 kDa	306.0	308.0	2	0	0	0				Tet, rhea	0.1	routine	307.0	3.0763447270133404	1.6212171769299386	0.8597442455242966	0.0	0.0	0.0	0.21493606138107416	21.493606138107417
308.0-310.0 kDa	308.0	310.0	3	0	0	0				teq, Muc68Ca, CG1295	0.15	routine	309.0	4.200301660900459	2.070492944333492	0.8729411764705882	0.0	0.0	0.0	0.21823529411764706	21.823529411764707
310.0-312.0 kDa	310.0	312.0	2	0	0	0				faf, Dmel\CG4554	0.1	routine	311.0	4.518945274220278	2.1759860856459863	0.8758056265984655	0.0	0.0	0.0	0.21895140664961638	21.895140664961637
312.0-314.0 kDa	312.0	314.0	1	0	0	0				Ppn	0.05	routine	313.0	2.645402678570649	1.403487343571697	0.8489002557544757	0.0	0.0	0.0	0.21222506393861892	21.22250639386189
314.0-316.0 kDa	314.0	316.0	1	0	0	0				lva	0.05	routine	315.0	2.3181068304846257	1.21294705480811	0.8418414322250639	0.0	0.0	0.01194535190046654	0.23036167384573966	23.036167384573965
316.0-318.0 kDa	316.0	318.0	2	0	0	1	Protein_kinases			Nf1, tefu [Protein_kinases]	0.85	routine	317.0	4.398719026464278	2.137083450288106	0.8750895140664962	0.0	0.0	0.7828871889591492	0.3105486943060977	31.05486943060977
318.0-320.0 kDa	318.0	320.0	3	0	0	1	Ubiquitin_proteasome			hyd [Ubiquitin_proteasome], Itpr, Dmel\CG14692	0.9	routine	319.0	5.857428743642245	2.5502674986284437	0.8855242966751918	0.0	0.0	1.7542458217705976	0.3621705478530085	36.21705478530085
320.0-322.0 kDa	320.0	322.0	4	0	0	1	Ubiquitin_proteasome			LUBEL [Ubiquitin_proteasome], NaCP60E, Dmel\CG13492, Bicra	0.95	routine	321.0	6.816517939774	2.7690349600875686	0.8913554987212277	0.0	0.0	1.1130388927066615	0.3404375588908332	34.04375588908332
322.0-324.0 kDa	322.0	324.0	2	0	0	0				jbug, Megf8	0.1	routine	323.0	4.712319400037584	2.236437328054955	0.8770332480818415	0.0	0.0	0.11350803931691504	0.2656398909678288	26.56398909678288
326.0-328.0 kDa	326.0	328.0	2	0	0	0				Plp, Ten-a	0.1	routine	327.0	1.9991313289136516	0.9993732501460565	0.8330434782608696	0.0	0.0	0.0	0.2082608695652174	20.82608695652174
332.0-334.0 kDa	332.0	334.0	2	0	0	0				zfh2, unc79	0.1	routine	333.0	2.043312161177126	1.0309096245213216	0.8352941176470589	0.0	0.0	0.004331057182153773	0.2224748452012384	22.24748452012384
336.0-338.0 kDa	336.0	338.0	3	0	0	2	Histones; Ubiquitin_proteasome			upSET [Histones], ctrip [Ubiquitin_proteasome], tou	1.65	routine	337.0	3.754025288944637	1.9084383688987097	0.8674168797953964	0.0	0.0	1.7706981708931528	0.3581371146856912	35.81371146856912
338.0-340.0 kDa	338.0	340.0	1	0	0	0				Muc12Ea	0.05	routine	339.0	2.0603579293678904	1.0428949869560304	0.8357033248081841	0.0	0.0	0.14323105503960626	0.25793898909678287	25.793898909678287
340.0-342.0 kDa	340.0	342.0	1	0	0	1	Histones			nej [Histones]	0.8	routine	341.0	1.6560859855331795	0.7277775808576676	0.8154475703324808	0.0	0.0	0.9114742864361938	0.305342155741015	30.5342155741015
342.0-344.0 kDa	342.0	344.0	1	0	0	0				kmr	0.05	routine	343.0	1.720906151233123	0.7831684228619319	0.818925831202046	0.0	0.0	0.29183475763123345	0.26821829990577467	26.821829990577466
346.0-348.0 kDa	346.0	348.0	3	0	0	0				M7BP, CadN, rno	0.15	routine	347.0	3.280834675776341	1.7140628969813134	0.8629156010230179	0.0	0.0	0.0	0.21572890025575447	21.572890025575447
348.0-350.0 kDa	348.0	350.0	1	0	0	0				Myo10A	0.05	routine	349.0	4.806467940279653	2.264977110860084	0.8773401534526855	0.0	0.0	0.0	0.21933503836317136	21.933503836317136
350.0-352.0 kDa	350.0	352.0	2	0	0	0				dom, bark	0.1	routine	351.0	2.7893460051537002	1.4799269049498154	0.8524808184143222	0.0	0.0	0.0	0.21312020460358055	21.312020460358056
354.0-356.0 kDa	354.0	356.0	2	0	0	0				Ca-alpha1T, Su(var)2-HP2	0.1	routine	355.0	2.2050471806097915	1.140809524945409	0.8392838874680307	0.0	0.0	0.0	0.20982097186700768	20.98209718670077
356.0-358.0 kDa	356.0	358.0	1	0	0	0				dikar	0.05	routine	357.0	2.937524829446617	1.5546010461178457	0.8555498721227621	0.0	0.0	0.0	0.21388746803069053	21.388746803069054
360.0-362.0 kDa	360.0	362.0	3	0	0	1	Protein_kinases			unc-13, blobby, nonC [Protein_kinases]	0.9	routine	361.0	3.0169919362876683	1.5931108405040588	0.8578005115089514	0.0	0.0	0.8418844220018485	0.31099618050881683	31.099618050881684
364.0-366.0 kDa	364.0	366.0	1	0	0	0				pcx	0.05	routine	365.0	1.112014246395041	0.1531752710396746	0.7940664961636829	0.0	0.0	0.0029519638443239017	0.20871399246197334	20.871399246197335
366.0-368.0 kDa	366.0	368.0	1	0	0	0				unc80	0.05	routine	367.0	1.7968144766719933	0.8454414564813597	0.8211764705882353	0.0	0.0	0.0	0.20529411764705882	20.52941176470588
370.0-372.0 kDa	370.0	372.0	1	0	0	0				sov	0.05	routine	371.0	1.7643205547863974	0.8191127041983223	0.8200511508951407	0.0	0.0	0.0	0.20501278772378517	20.501278772378516
372.0-374.0 kDa	372.0	374.0	1	0	0	0				apolpp	0.05	routine	373.0	3.2630775000301715	1.7062332527014359	0.8624040920716113	0.0	0.0	0.0	0.21560102301790282	21.56010230179028
374.0-376.0 kDa	374.0	376.0	2	0	0	0				Vps13, wb	0.1	routine	375.0	2.585356331638258	1.3703631364237379	0.8478772378516624	0.0	0.0	0.0	0.2119693094629156	21.19693094629156
376.0-378.0 kDa	376.0	378.0	1	0	0	0				Rbcn-3A	0.05	routine	377.0	2.506370207668401	1.3255995261204776	0.8461381074168798	0.0	0.0	0.0	0.21153452685421995	21.153452685421996
378.0-380.0 kDa	378.0	380.0	2	0	0	0				clone, Smr	0.1	routine	379.0	2.671121856891173	1.417445793390646	0.849309462915601	0.0	0.0	0.0	0.21232736572890026	21.232736572890026
384.0-386.0 kDa	384.0	386.0	5	0	0	0				RhoGEF3, fry, rg, Dmel\CG11122, ds	0.25	routine	385.0	4.932766725994852	2.302397062883195	0.8786700767263427	0.0	0.0	0.0	0.21966751918158567	21.966751918158568
388.0-390.0 kDa	388.0	390.0	1	0	0	0				bchs	0.05	routine	389.0	1.8856992597951152	0.9150996065545414	0.8247570332480818	0.0	0.0	0.0	0.20618925831202045	20.618925831202045
390.0-392.0 kDa	390.0	392.0	1	0	0	0				uif	0.05	routine	391.0	1.9161427767537418	0.9382050640178364	0.8264961636828645	0.0	0.0	0.0	0.20662404092071612	20.66240409207161
394.0-396.0 kDa	394.0	396.0	1	0	0	0				htt	0.05	routine	395.0	1.4658242327579105	0.551712120026139	0.8092071611253197	0.0	0.0	0.0	0.2023017902813299	20.23017902813299
396.0-398.0 kDa	396.0	398.0	1	0	0	0				stan	0.05	routine	397.0	2.073316044088739	1.0519400491468907	0.8364194373401534	0.0	0.0	0.008227365679418624	0.2268680172297752	22.68680172297752
398.0-400.0 kDa	398.0	400.0	1	0	0	0				mv	0.05	routine	399.0	2.73170249942799	1.4498003730970512	0.8512531969309463	0.0	0.0	0.5469875468544996	0.29176066765378916	29.176066765378916
400.0-402.0 kDa	400.0	402.0	1	0	0	1	Histones			trx [Histones]	0.8	routine	401.0	2.262992008113179	1.1782314896530408	0.8408184143222507	0.0	0.0	0.6660642889964729	0.2955664456858258	29.55664456858258
402.0-404.0 kDa	402.0	404.0	1	0	0	0				Cubn2	0.05	routine	403.0	1.5704989477967068	0.651222976413003	0.8119693094629156	0.0	0.0	0.014855146277871684	0.22470285368151838	22.47028536815184
404.0-406.0 kDa	404.0	406.0	1	0	0	0				btsz	0.05	routine	405.0	1.7530779569790524	0.8098901521992151	0.8196419437340153	0.0	0.0	0.0	0.20491048593350383	20.491048593350385
410.0-412.0 kDa	410.0	412.0	2	0	0	0				Dys, LanA	0.1	routine	411.0	2.5389095013195844	1.3442089714626393	0.8473657289002557	0.0	0.0	0.0	0.21184143222506394	21.184143222506393
412.0-414.0 kDa	412.0	414.0	1	0	0	0				zormin	0.05	routine	413.0	1.7385387332959994	0.7978752095513423	0.8193350383631713	0.0	0.0	0.0	0.20483375959079284	20.483375959079282
418.0-420.0 kDa	418.0	420.0	1	0	0	0				Cubn	0.05	routine	419.0	1.0	-0.0	0.7589769820971867	0.0	0.0	0.0	0.18974424552429667	18.974424552429667
422.0-424.0 kDa	422.0	424.0	1	0	0	0				mask	0.05	routine	423.0	1.4954490697434657	0.5805787776724352	0.8101278772378516	0.0	0.0	0.0	0.2025319693094629	20.25319693094629
424.0-426.0 kDa	424.0	426.0	1	0	0	0				Vps13B	0.05	routine	425.0	2.496563385268941	1.3199435357296119	0.8460358056265984	0.0	0.0	0.0	0.2115089514066496	21.15089514066496
426.0-428.0 kDa	426.0	428.0	1	0	0	0				Hml	0.05	routine	427.0	1.5341770315999854	0.6174649677659549	0.8112531969309463	0.0	0.0	0.0	0.20281329923273658	20.28132992327366
434.0-436.0 kDa	434.0	436.0	2	0	0	0				Dmel\CG10631, Nipped-A	0.1	routine	435.0	1.9997847897711158	0.9998447502820385	0.8334526854219949	0.0	0.0	0.0	0.20836317135549873	20.836317135549873
440.0-442.0 kDa	440.0	442.0	1	0	0	1	Ubiquitin_proteasome			puf [Ubiquitin_proteasome]	0.8	routine	441.0	1.0	-0.0	0.7589769820971867	0.0	0.0	0.8228333116620936	0.2844810876295598	28.448108762955982
444.0-446.0 kDa	444.0	446.0	1	0	0	0				Vps13D	0.05	routine	445.0	1.0	-0.0	0.7589769820971867	0.0	0.0	0.0	0.18974424552429667	18.974424552429667
454.0-456.0 kDa	454.0	456.0	1	0	0	0				Dhc62B	0.05	routine	455.0	1.0	-0.0	0.7589769820971867	0.0	0.0	0.0	0.18974424552429667	18.974424552429667
460.0-462.0 kDa	460.0	462.0	1	0	0	0				Sdb	0.05	routine	461.0	1.0	-0.0	0.7589769820971867	0.0	0.0	0.0	0.18974424552429667	18.974424552429667
466.0-468.0 kDa	466.0	468.0	1	0	0	0				Dhc36C	0.05	routine	467.0	1.5443856412877894	0.6270330461968647	0.8115601023017903	0.0	0.0	0.0	0.20289002557544758	20.28900255754476
468.0-470.0 kDa	468.0	470.0	1	0	0	0				Dhc16F	0.05	routine	469.0	1.0668327953380523	0.09333408034299705	0.7920204603580563	0.0	0.0	0.0	0.19800511508951407	19.800511508951406
472.0-474.0 kDa	472.0	474.0	1	0	0	0				Cdep	0.05	routine	473.0	1.1564859206695708	0.20974770237373042	0.7976470588235294	0.0	0.0	0.0	0.19941176470588234	19.941176470588236
474.0-476.0 kDa	474.0	476.0	1	0	0	0				Obsc	0.05	routine	475.0	1.8074277722505738	0.8539379958912274	0.8220971867007673	0.0	0.0	0.0	0.20552429667519181	20.55242966751918
480.0-482.0 kDa	480.0	482.0	1	0	0	0				btv	0.05	routine	481.0	1.0	-0.0	0.7589769820971867	0.0	0.0	0.0	0.18974424552429667	18.974424552429667
494.0-496.0 kDa	494.0	496.0	1	0	0	0				Apoltp	0.05	routine	495.0	1.9639495782153966	0.9737578908581126	0.8287468030690537	0.0	0.0	0.0	0.20718670076726342	20.71867007672634
496.0-498.0 kDa	496.0	498.0	2	0	0	0				Svil, kst	0.1	routine	497.0	3.02731135570307	1.5980370624229614	0.858312020460358	0.0	0.0	0.0	0.2145780051150895	21.45780051150895
498.0-500.0 kDa	498.0	500.0	1	0	0	0				trol	0.05	routine	499.0	2.3238243743536517	1.2165010395585691	0.8419437340153453	0.0	0.0	0.0	0.21048593350383632	21.048593350383634
504.0-506.0 kDa	504.0	506.0	2	0	0	0				Dnah3, Cht6	0.1	routine	505.0	1.9734392940552428	0.9807121404560031	0.8292583120204604	0.0	0.0	0.0	0.2073145780051151	20.73145780051151
514.0-516.0 kDa	514.0	516.0	1	0	0	0				Dhc93AB	0.05	routine	515.0	1.0	-0.0	0.7589769820971867	0.0	0.0	0.0	0.18974424552429667	18.974424552429667
522.0-524.0 kDa	522.0	524.0	1	0	0	0				kug	0.05	routine	523.0	1.507519711673718	0.5921768663031369	0.810537084398977	0.0	0.0	0.12306678460727156	0.2500026921523758	25.00026921523758
524.0-526.0 kDa	524.0	526.0	1	0	0	1	Actin_tubulin			Mical [Actin_tubulin]	0.8	routine	525.0	1.8753190597211566	0.9071360711913907	0.8244501278772378	0.0	0.0	0.998897861144845	0.31795463723246736	31.795463723246737
528.0-530.0 kDa	528.0	530.0	1	0	0	1	Ubiquitin_proteasome			HERC2 [Ubiquitin_proteasome]	0.8	routine	529.0	3.8907010715364456	1.9600301401208928	0.8689514066496163	0.0	0.0	0.6088870036923166	0.29898127271503566	29.898127271503565
530.0-532.0 kDa	530.0	532.0	3	0	0	0				mgl, Dhc64C, LRP1	0.15	routine	531.0	3.957345283751243	1.984532947904328	0.8702813299232737	0.0	0.0	0.6045786567018859	0.29914927984923945	29.914927984923946
540.0-542.0 kDa	540.0	542.0	1	0	0	0				Dhc1	0.05	routine	541.0	1.0	-0.0	0.7589769820971867	0.0	0.0	0.0	0.18974424552429667	18.974424552429667
550.0-552.0 kDa	550.0	552.0	1	0	0	1	Ubiquitin_proteasome			Bruce [Ubiquitin_proteasome]	0.8	routine	551.0	1.218427293665951	0.2850201647279621	0.8004092071611253	0.0	0.0	0.7850445251751531	0.29204309126396555	29.204309126396556
552.0-554.0 kDa	552.0	554.0	1	0	0	0				Dmel\CG3339	0.05	routine	553.0	1.142125839510365	0.19172161570574353	0.7963171355498722	0.0	0.0	0.026424605329758304	0.22687533651904698	22.687533651904698
556.0-558.0 kDa	556.0	558.0	1	0	0	1	Ubiquitin_proteasome			HUWE1 [Ubiquitin_proteasome]	0.8	routine	557.0	1.0201615110269244	0.02879757642379415	0.788849104859335	0.0	0.0	0.8209900897884455	0.29162017095167586	29.162017095167585
564.0-566.0 kDa	564.0	566.0	2	0	0	1	Ubiquitin_proteasome			ft, hiw [Ubiquitin_proteasome]	0.85	routine	565.0	1.992202018547592	0.9943639508091201	0.831611253196931	0.0	0.0	0.8195842912808794	0.30214623435186433	30.214623435186432
572.0-574.0 kDa	572.0	574.0	1	0	0	0				tweek	0.05	routine	573.0	1.0	-0.0	0.7589769820971867	0.0	0.0	0.0	0.18974424552429667	18.974424552429667
580.0-582.0 kDa	580.0	582.0	3	0	0	0				CG3950, RyR, Dhc98D	0.15	routine	581.0	2.969435809645311	1.5701888461953057	0.8562659846547315	0.0	0.0	0.0	0.21406649616368287	21.406649616368288
590.0-592.0 kDa	590.0	592.0	1	0	0	0				poe	0.05	routine	591.0	2.180725509298344	1.1248081875412876	0.8386700767263428	0.0	0.0	0.0	0.2096675191815857	20.966751918158568
592.0-594.0 kDa	592.0	594.0	2	0	0	0				futsch, kis	0.1	routine	593.0	2.293010115876852	1.197242719547218	0.8412276214833759	0.0	0.0	0.0	0.21030690537084398	21.0306905370844
598.0-600.0 kDa	598.0	600.0	1	0	0	0				spen	0.05	routine	599.0	1.0	-0.0	0.7589769820971867	0.0	0.0	0.0	0.18974424552429667	18.974424552429667
630.0-632.0 kDa	630.0	632.0	1	0	0	0				Dmel\CG13185	0.05	routine	631.0	1.0	-0.0	0.7589769820971867	0.0	0.0	0.0	0.18974424552429667	18.974424552429667
922.0-924.0 kDa	922.0	924.0	1	0	0	0				Strn-Mlck	0.05	routine	923.0	1.0	-0.0	0.7589769820971867	0.0	0.0	0.0	0.18974424552429667	18.974424552429667
988.0-990.0 kDa	988.0	990.0	1	0	0	0				shot	0.05	routine	989.0	1.0	-0.0	0.7589769820971867	0.0	0.0	0.0	0.18974424552429667	18.974424552429667
1000.0-1002.0 kDa	1000.0	1002.0	1	0	0	0				bt	0.05	routine	1001.0	1.0	-0.0	0.7589769820971867	0.0	0.0	0.0	0.18974424552429667	18.974424552429667
1404.0-1406.0 kDa	1404.0	1406.0	1	0	0	0				Msp300	0.05	routine	1405.0	1.0	-0.0	0.7589769820971867	0.0	0.0	0.0	0.18974424552429667	18.974424552429667
1488.0-1490.0 kDa	1488.0	1490.0	1	0	0	0				Ank2	0.05	routine	1489.0	1.0	-0.0	0.7589769820971867	0.0	0.0	0.0	0.18974424552429667	18.974424552429667
1768.0-1770.0 kDa	1768.0	1770.0	1	0	0	0				Muc14A	0.05	routine	1769.0	1.0	-0.0	0.7589769820971867	0.0	0.0	0.0	0.18974424552429667	18.974424552429667
2064.0-2066.0 kDa	2064.0	2066.0	1	0	0	0				sls	0.05	routine	2065.0	1.0	-0.0	0.7589769820971867	0.0	0.0	0.0	0.18974424552429667	18.974424552429667
2442.0-2444.0 kDa	2442.0	2444.0	1	0	0	0				dpy	0.05	routine	2443.0	1.0	-0.0	0.7589769820971867	0.0	0.0	0.0	0.18974424552429667	18.974424552429667
