mw_bin_label	bin_start_kda	bin_end_kda	protein_count	protein_density_per_kda	mean_effective_candidates	median_effective_candidates	mean_identity_entropy_nats	mean_discriminability	ambiguity_percentile	auditability_percentile	mean_mw_kda	median_window_count	mean_window_count	median_gaussian_ambiguity	mean_gaussian_ambiguity	median_identity_entropy_nats	median_discriminability	median_nearest_neighbor_gap_kda
0.0-2.0 kDa	0.0	2.0	14	7.0	63.49760529266723	62.94586432746655	4.138899313276059	0.01613988301818872	0.742152466367713	0.25784753363228696	1.5314847514285714	58.0	60.0	36.50165284204659	36.64368121584808	4.142038560831345	0.01589418339233669	0.03403059999999991
2.0-4.0 kDa	2.0	4.0	57	28.5	124.56194345595841	120.80692699897996	4.791057834563167	0.008583374252168704	0.8116591928251121	0.18834080717488788	2.944014116842105	113.0	114.19298245614036	70.82839855796716	71.49610205724261	4.794193626563472	0.008277671031301405	0.013079500000000355
4.0-6.0 kDa	4.0	6.0	118	59.0	320.0211967724079	317.1462039519656	5.741244242337611	0.003301954156701452	0.8497757847533632	0.15022421524663676	5.155180120677965	283.0	292.77966101694915	172.65141362242878	175.228548780458	5.759360656934849	0.0031531338896481948	0.005370649999999255
6.0-8.0 kDa	6.0	8.0	303	151.5	634.0727256161321	641.1898091142115	6.438852924537531	0.0016208265620542286	0.8923766816143498	0.1076233183856502	7.148837352277228	617.0	611.6798679867986	394.6719203464293	385.8721014076896	6.463325527150286	0.0015596005828312778	0.0021414000000019584
8.0-10.0 kDa	8.0	10.0	455	227.5	1026.079751139547	1040.1862995938263	6.92569202860487	0.000990138863843587	0.9147982062780269	0.08520179372197312	9.055853930549452	1016.0	990.9868131868132	609.1597864019601	608.8865974157726	6.947155110317632	0.0009613662479408561	0.0015240000000051879
10.0-12.0 kDa	10.0	12.0	737	368.5	1411.7888872641759	1406.9978112942067	7.2498781364621605	0.0007122141246378371	0.9349775784753364	0.06502242152466364	11.052411931696069	1383.0	1372.1506105834465	888.7143216944062	878.3075214450938	7.249213501529815	0.0007107331596203155	0.0009414000000003142
12.0-14.0 kDa	12.0	14.0	814	407.0	1766.545074147015	1779.4729582143	7.475705993853124	0.0005673042705436308	0.9461883408071748	0.053811659192825156	13.051427161572489	1728.0	1714.1707616707617	1056.0632177752823	1062.0059025272678	7.484072508440871	0.0005619641453979772	0.0008732499999997145
14.0-16.0 kDa	14.0	16.0	1001	500.5	2024.6062752714024	2028.4520355206114	7.612300389067985	0.0004947458143393594	0.9506726457399103	0.04932735426008972	14.987675272607405	1978.0	1975.93006993007	1242.986973931224	1240.326100715908	7.615028237072696	0.0004929867615742491	0.0006303000000187353
16.0-18.0 kDa	16.0	18.0	1108	554.0	2164.22085389497	2145.4210150859344	7.6797063366347595	0.0004621605672794932	0.9551569506726457	0.04484304932735428	17.007650261407953	2082.0	2093.384476534296	1332.133848995043	1329.226286201477	7.671091089520135	0.0004661089795388255	0.0006561999999981083
18.0-20.0 kDa	18.0	20.0	1052	526.0	2338.655297466665	2337.7705290375216	7.757135152162109	0.000427764030102033	0.9596412556053812	0.04035874439461884	19.063806958422063	2246.0	2245.0941064638782	1381.7049011949016	1388.1566942606164	7.7569529871366205	0.00042775798177503363	0.0006241500000001565
20.0-22.0 kDa	20.0	22.0	1280	640.0	2551.8951416377995	2558.454126231893	7.844304956622063	0.00039209092330617316	0.9775784753363229	0.022421524663677084	21.01581107843751	2509.0	2490.0859375	1585.37568614055	1575.6926791686406	7.847158497486444	0.0003908610246515282	0.0005050500000027824
22.0-24.0 kDa	22.0	24.0	1295	647.5	2663.8075972426645	2666.418126116743	7.8874994180569	0.00037541179578830757	0.9887892376681614	0.011210762331838597	22.998918171583018	2596.0	2596.0239382239383	1620.4249931892641	1620.9033010149624	7.888491324944	0.00037503495427266577	0.0005575999999933856
24.0-26.0 kDa	24.0	26.0	1275	637.5	2605.7429594698506	2603.058344391862	7.865463316769166	0.0003837752224573488	0.984304932735426	0.015695067264574036	24.977934350666672	2515.0	2521.0282352941176	1587.5070703876536	1583.8191200720855	7.864442319031445	0.00038416349835355854	0.0005045000000016842
26.0-28.0 kDa	26.0	28.0	1242	621.0	2538.341819492488	2533.963580414863	7.839204195801166	0.0003940068845540456	0.9730941704035875	0.026905829596412523	27.036020607214173	2450.0	2456.485507246377	1540.9969953550562	1540.0521656720816	7.8375399883339725	0.0003946386632692986	0.0005336000000113472
28.0-30.0 kDa	28.0	30.0	1173	586.5	2511.164946357843	2513.1845959445764	7.828500690081287	0.0003982226319609484	0.968609865470852	0.03139013452914796	28.98980916635976	2428.0	2428.6589940323956	1507.891100015796	1513.0768852785982	7.8293059912503296	0.0003979015316318822	0.0005198999999649345
30.0-32.0 kDa	30.0	32.0	1239	619.5	2577.290510476248	2557.168239335238	7.854200680910994	0.00038823051078817005	0.9820627802690582	0.017937219730941756	31.01134482116223	2447.0	2464.0653753026636	1539.735545702962	1542.4370555775515	7.846655768721291	0.0003910575708776831	0.0005569000000527069
32.0-34.0 kDa	32.0	34.0	1365	682.5	3135.5326020815965	3145.1483936691116	8.047622040207647	0.0003208084084873572	0.9955156950672646	0.004484304932735439	33.05772195443223	3019.0	3003.3809523809523	1802.9662855276754	1823.981751746577	8.053616352017949	0.00031795002169465394	0.0005199000000288834
34.0-36.0 kDa	34.0	36.0	2084	1042.0	3638.745681760098	3653.7066827260314	8.199339498507658	0.00027485026564644726	1.0	0.0	35.0575477815355	3638.0	3624.5585412667947	2424.4680732548177	2390.7219867490717	8.203497460789258	0.00027369465773697643	0.0003262999999975591
36.0-38.0 kDa	36.0	38.0	1515	757.5	3453.107610201141	3490.2116974320966	8.14585457444324	0.00029028161732683617	0.9977578475336323	0.0022421524663677195	36.93506044587457	3425.0	3351.2303630363035	2035.8564852595978	2047.8209283445735	8.157717671646832	0.00028651557174475814	0.0004296999999979789
38.0-40.0 kDa	38.0	40.0	1422	711.0	2918.0204527039145	2888.7452017972755	7.978301545794936	0.00034294247730595116	0.9932735426008968	0.006726457399103158	39.00445037971868	2771.0	2789.872011251758	1757.3812128160062	1757.4738504081033	7.968577500522571	0.0003461710640020277	0.0004950499999836211
40.0-42.0 kDa	40.0	42.0	1328	664.0	2775.4221571494977	2781.798179644584	7.928444634440889	0.000360387503417544	0.9910313901345291	0.008968609865470878	41.00478736689757	2710.5	2694.1626506024095	1682.3410469431335	1682.7907381324071	7.930852824732025	0.00035947970900194234	0.00048469999998346225
42.0-44.0 kDa	42.0	44.0	1266	633.0	2618.539185083025	2615.760283475691	7.870256312581152	0.0003819805249521958	0.9865470852017937	0.013452914798206317	42.9688767069352	2530.0	2536.034755134281	1592.8208335179677	1590.35379983326	7.869310073610233	0.00038229802873737467	0.0005179999999427309
44.0-46.0 kDa	44.0	46.0	1179	589.5	2517.8103230792913	2510.859190522673	7.831133208316967	0.00039717976119867056	0.9708520179372198	0.029147982062780242	44.98042320035619	2422.0	2423.2926208651397	1504.8521702711619	1507.4117414032628	7.828380280533306	0.0003982700438855892	0.0005516000000085342
46.0-48.0 kDa	46.0	48.0	1265	632.5	2498.098355419841	2496.873045283229	7.823280392704011	0.0004003082315328011	0.9663677130044843	0.03363228699551568	47.002569142292444	2417.0	2419.695652173913	1529.2497943156513	1528.3407870263613	7.822794446089043	0.00040050093932051176	0.000520799999925714
48.0-50.0 kDa	48.0	50.0	1188	594.0	2542.197962532122	2543.0184441339525	7.840779960022644	0.0003933638348795344	0.9753363228699552	0.024663677130044803	49.02910734910769	2459.0	2459.9882154882157	1519.3327462601105	1526.79365589377	7.841107018299185	0.000393233482953011	0.0006068000000070128
50.0-52.0 kDa	50.0	52.0	1265	632.5	2554.7015595929824	2556.0697970813435	7.845686296737117	0.0003914385947820084	0.9798206278026906	0.020179372197309364	50.991406776205466	2488.0	2486.6371541501976	1569.559054277445	1567.710830008678	7.846226122276917	0.0003912256234715708	0.000518300000017291
52.0-54.0 kDa	52.0	54.0	1193	596.5	2485.3393674792405	2489.020062541298	7.818047603282508	0.0004024537497820129	0.9641255605381166	0.0358744394618834	52.97647680254813	2411.0	2410.450125733445	1510.0561982756037	1509.6028215760666	7.819644362817749	0.0004017645398080868	0.0005548999999334114
54.0-56.0 kDa	54.0	56.0	1151	575.5	2348.7601385621824	2349.878327677411	7.761520701651583	0.00042586063614252886	0.9618834080717489	0.03811659192825112	54.97677519303207	2281.0	2274.3266724587315	1420.6467170078838	1421.350897234795	7.762118830341389	0.00042555394814351385	0.0005957999999708363
56.0-58.0 kDa	56.0	58.0	1084	542.0	2197.7898731335595	2194.419121206897	7.695002244536812	0.0004551891442845975	0.9573991031390134	0.04260089686098656	57.00480004623608	2116.0	2130.09778597786	1344.766616102593	1340.0548889575205	7.693672653005669	0.0004557014613895798	0.0006530999999014853
58.0-60.0 kDa	58.0	60.0	976	488.0	2080.125826064785	2083.3930963615794	7.640050746220061	0.00048086816166963473	0.952914798206278	0.047085201793722	59.00764037569663	2021.0	2014.0819672131147	1239.9719635694096	1247.4826885167947	7.641753139294544	0.0004799862315787687	0.0006774500000013006
60.0-62.0 kDa	60.0	62.0	974	487.0	1925.1263941744016	1919.236531332348	7.562500202546135	0.0005197022509632515	0.9484304932735426	0.05156950672645744	60.987792130410575	1876.0	1870.9856262833675	1200.689005957004	1190.348502662637	7.559682745951768	0.0005210405199114935	0.0007555999999446783
62.0-64.0 kDa	62.0	64.0	809	404.5	1747.8272319157534	1742.614909301664	7.4655487020920726	0.0005728015021391954	0.9439461883408071	0.056053811659192876	63.0016403064523	1675.0	1682.2608158220025	1038.8449331459133	1043.7365258348166	7.463142085540262	0.0005738502492215795	0.0007884999998992726
64.0-66.0 kDa	64.0	66.0	784	392.0	1614.5644384015093	1612.4080357410453	7.386693732639416	0.0006195190369913351	0.9417040358744395	0.058295964125560484	64.99773231622437	1549.0	1561.8545918367347	975.702957295249	976.683757809173	7.385484014366584	0.0006201904102376675	0.0009396999999466971
66.0-68.0 kDa	66.0	68.0	753	376.5	1528.5815752100568	1525.3023013460836	7.33195207581692	0.000654388803475894	0.9394618834080718	0.060538116591928204	67.00864795556431	1482.0	1480.4169986719787	930.3100685627962	929.5719311442214	7.329947899787339	0.0006556077435387707	0.000998199999969529
68.0-70.0 kDa	68.0	70.0	686	343.0	1458.4327342237054	1458.0892993676864	7.2850315742474345	0.0006857856160032142	0.9372197309417041	0.06278026905829592	69.0168485763556	1415.0	1408.9460641399417	873.9672135006174	877.0823049029444	7.28488214847383	0.0006858290644992278	0.0010874999999117563
70.0-72.0 kDa	70.0	72.0	690	345.0	1382.3701129579476	1384.8740144486965	7.23135026888083	0.0007236915623741144	0.9327354260089686	0.06726457399103136	71.00393073101445	1358.0	1346.0057971014494	854.6709092954998	849.5900691397875	7.23336444823511	0.0007220873476363129	0.0009416500001648842
72.0-74.0 kDa	72.0	74.0	598	299.0	1290.1039840259946	1290.5137754997934	7.162309504469717	0.000775392785215681	0.9304932735426009	0.06950672645739908	72.97319025508358	1238.0	1242.9397993311036	765.9431282912324	769.8234883455527	7.162795693151016	0.0007748851813714721	0.0012392000000360781
74.0-76.0 kDa	74.0	76.0	606	303.0	1210.5808916615915	1205.5470404954046	7.098759310505041	0.0008262083673665115	0.9282511210762332	0.0717488789237668	75.01926696679868	1166.0	1171.881188118812	741.8463332718336	740.1429450889927	7.094688714272575	0.0008294989533479558	0.0012919499997607886
76.0-78.0 kDa	76.0	78.0	544	272.0	1176.864790732705	1178.4596691235151	7.070564911836701	0.0008497906927368121	0.9260089686098655	0.07399103139013452	76.9870018235662	1140.0	1139.6838235294117	701.4268701149688	705.5772966524344	7.071963499401312	0.0008485653150089758	0.0012765000000172222
78.0-80.0 kDa	78.0	80.0	571	285.5	1145.765268620753	1145.265121493971	7.043822961809229	0.0008727879937095483	0.9237668161434978	0.07623318385650224	78.9943942500526	1105.0	1107.3169877408056	696.6312402849253	696.1166257714705	7.043391436341741	0.0008731602676378757	0.0013095999999279684
80.0-82.0 kDa	80.0	82.0	561	280.5	1122.6691319228498	1117.8139200753837	7.023371254561119	0.0008908997882292573	0.92152466367713	0.07847533632286996	81.04342968944748	1089.0	1087.4527629233512	688.7089800234476	686.0941919281503	7.019130199858241	0.0008946032806001928	0.001211600000033286
82.0-84.0 kDa	82.0	84.0	503	251.5	1089.1581830528796	1091.1691488910672	6.993051142815631	0.0009183411894682469	0.9192825112107623	0.08071748878923768	83.02975739093449	1062.0	1054.882703777336	651.985509863279	654.9349748420129	6.995005014045702	0.0009164481978035024	0.0012802000001528313
84.0-86.0 kDa	84.0	86.0	508	254.0	1037.661881964309	1041.760779524996	6.944603431942397	0.0009639405459195719	0.9170403587443946	0.0829596412556054	84.97632027822846	1016.0	1008.0787401574803	636.8911189012446	634.5901701957252	6.94866761676693	0.0009599132753419139	0.0015283000000110292
86.0-88.0 kDa	86.0	88.0	461	230.5	963.486752434144	965.6094076732631	6.870265434725603	0.0010385071130021135	0.9125560538116592	0.08744394618834084	86.95596389106305	930.0	932.8438177874186	582.7130189008876	582.242297705522	6.872759412562355	0.001035615427991329	0.0014404000001633221
88.0-90.0 kDa	88.0	90.0	429	214.5	897.0470903635817	895.4672085457562	6.799034055634288	0.0011149341308604986	0.9103139013452914	0.08968609865470856	88.9668687991144	863.0	864.4009324009324	535.9569651538523	537.9714543662005	6.797345602790953	0.001116735476694904	0.0016499999999126658
90.0-92.0 kDa	90.0	92.0	419	209.5	869.6964255075421	869.6342918278119	6.768130319076315	0.0011498584497445395	0.9080717488789237	0.09192825112107628	90.97720605064458	842.0	841.3293556085919	529.9362403515531	528.9198240466983	6.768072769054122	0.0011499086563136595	0.0018261999998685496
92.0-94.0 kDa	92.0	94.0	418	209.0	855.0861565094401	859.5893172101132	6.751164974414302	0.0011695602174206876	0.905829596412556	0.094170403587444	92.97111556971313	830.0	829.9593301435407	516.0542244320184	516.9692104573986	6.7564547369081325	0.001163346240218069	0.0016894500000717017
94.0-96.0 kDa	94.0	96.0	405	202.5	828.1744427393481	827.4749569292958	6.71921992910268	0.0012074844394363252	0.9035874439461884	0.0964125560538116	94.97656427283975	804.0	801.4172839506173	502.2018622477375	501.73065954084757	6.718378843263716	0.0012084957878494996	0.0016054999998544872
96.0-98.0 kDa	96.0	98.0	400	200.0	806.4638854596052	804.1394619919906	6.692550836870875	0.0012402493531108929	0.9013452914798207	0.09865470852017932	97.03552566400025	779.0	784.48	492.4540874192391	492.07320771347156	6.68977271231094	0.0012435653904510678	0.0016022499998911144
98.0-100.0 kDa	98.0	100.0	374	187.0	763.3228364981837	764.6113852336825	6.6373299838165005	0.001310983337142303	0.899103139013453	0.10089686098654704	99.00330841021419	747.0	741.6390374331551	465.3212834344464	465.240520905415	6.639367701362303	0.0013078539500967477	0.0019290000002030183
100.0-102.0 kDa	100.0	102.0	329	164.5	705.7888035690992	707.7000618269609	6.559018513740511	0.0014176991398484524	0.8968609865470852	0.10313901345291476	101.02360505538027	682.0	680.9635258358662	418.27111911942956	421.77603744509435	6.56202036244497	0.0014130279958128773	0.0020144999999160973
102.0-104.0 kDa	102.0	104.0	329	164.5	666.7585491114365	667.8591935992717	6.502390504724863	0.001499905838350141	0.8946188340807175	0.10538116591928248	102.99562317878453	644.0	645.7993920972644	406.0008428387117	405.3131298513942	6.504077363292685	0.001497321605488026	0.002286999999896011
104.0-106.0 kDa	104.0	106.0	304	152.0	633.4944364905647	632.9645916255365	6.451065922947438	0.0015791312435615846	0.8901345291479821	0.10986547085201792	105.02053127572405	615.0	613.625	384.29238324483737	384.3076570534381	6.450414477983712	0.0015798672210444765	0.0022830499999315634
106.0-108.0 kDa	106.0	108.0	275	137.5	595.4205881000988	593.7360310917654	6.389214318207835	0.0016796650238810322	0.8878923766816144	0.11210762331838564	106.93774352363673	575.0	574.5672727272728	359.7718974605284	358.68863711658054	6.386434828489807	0.0016842501509655627	0.0027578000002392855
108.0-110.0 kDa	108.0	110.0	286	143.0	568.2789272371424	564.9701580261672	6.342519469910709	0.0017600249353275058	0.8834080717488789	0.11659192825112108	108.99624983174866	542.0	546.972027972028	344.85090602150933	344.5063112718388	6.336772912043568	0.0017700049921292016	0.002466450000135012
110.0-112.0 kDa	110.0	112.0	277	138.5	571.8756774004831	572.1141143622339	6.348911512105802	0.0017486671704689254	0.8856502242152466	0.11434977578475336	111.04258287458525	556.0	556.7292418772563	342.62787201709136	343.2172381003284	6.349338472115469	0.0017479030404882658	0.0025573000000349566
112.0-114.0 kDa	112.0	114.0	277	138.5	559.4234054416378	558.142078127627	6.3268758220241645	0.0017876647835113524	0.8811659192825112	0.1188340807174888	113.01095929480189	544.0	543.5740072202166	346.96697052643333	344.7134949474029	6.32461355027147	0.0017916585027143144	0.00240749999996126
114.0-116.0 kDa	114.0	116.0	249	124.5	540.5958633122152	541.6528796550801	6.292411452497619	0.0018507768281352595	0.8789237668161435	0.12107623318385652	115.02110433542215	527.0	522.6586345381526	323.0966100273293	323.81171810824253	6.294625352827329	0.0018462008374012363	0.0021462999999215526
116.0-118.0 kDa	116.0	118.0	260	130.0	496.86255379934073	499.9686142616878	6.207751450108666	0.002014900637167289	0.8766816143497758	0.12331838565022424	116.96721536538507	489.0	486.2692307692308	310.16841355418876	307.4275379856605	6.214545309660675	0.002000125612096827	0.003101050000012151
118.0-120.0 kDa	118.0	120.0	191	95.5	454.3903738333056	454.766604531557	6.118862372656055	0.002201166724294913	0.874439461883408	0.12556053811659196	118.96897429518376	432.0	432.9371727748691	259.8855193003965	262.4580212016929	6.119784330269962	0.0021989301545791242	0.003365000000087548
120.0-122.0 kDa	120.0	122.0	233	116.5	436.7650074242417	434.80092100200864	6.079294567835781	0.002290020178962977	0.8699551569506726	0.1300448430493274	121.00250096755417	422.0	421.43776824034336	272.36538730651716	271.1892296298821	6.074888273464702	0.002299903131979291	0.0023435999997616364
122.0-124.0 kDa	122.0	124.0	203	101.5	443.72092685689773	445.0100910307529	6.095033030762399	0.0022544040930930613	0.8721973094170403	0.12780269058295968	123.05112584699565	437.0	431.48275862068965	267.0879183372523	267.2862292142261	6.098096958382735	0.00224714005402384	0.0028457999999744743
124.0-126.0 kDa	124.0	126.0	209	104.5	416.9743311274845	417.6457402068102	6.032867442682056	0.0023989850190393814	0.8677130044843049	0.13228699551569512	124.92479334076612	408.0	406.8133971291866	257.9568965414162	255.74697851937145	6.034633561716907	0.0023943737568227538	0.0030263999999249336
126.0-128.0 kDa	126.0	128.0	180	90.0	386.26214457284345	384.0485018794727	5.95641061698151	0.002589460226670005	0.8654708520179372	0.13452914798206284	127.00267454000061	367.0	368.9888888888889	227.30747173559263	228.0618465385502	5.950768843495412	0.002603837825936739	0.003252949999904331
128.0-130.0 kDa	128.0	130.0	185	92.5	380.3899065699802	379.58576742879285	5.9411795991334575	0.0026289718390360432	0.8609865470852018	0.13901345291479816	128.99996158810873	368.0	368.427027027027	232.01051554221863	231.78837570025664	5.939080572431165	0.002634450724466617	0.004446399999920914
130.0-132.0 kDa	130.0	132.0	184	92.0	382.62998008426456	382.24290811866433	5.9470663127005485	0.002613501945937224	0.8632286995515696	0.13677130044843044	130.98157866260934	372.0	370.9076086956522	230.64306924803992	230.7503923095064	5.946056291033525	0.0026161374874007675	0.002792000000241046
132.0-134.0 kDa	132.0	134.0	193	96.5	372.89497274089064	374.25709086401724	5.92114878970006	0.002682515676372669	0.8587443946188341	0.14125560538116588	133.0211958831095	361.0	364.1139896373057	229.67764853781378	228.31728528182532	5.92494296998469	0.0026719600627776495	0.004245599999421756
134.0-136.0 kDa	134.0	136.0	162	81.0	347.19412539686033	346.71271567536064	5.849613544348898	0.0028817900251865	0.8565022421524664	0.1434977578475336	135.00187753061795	334.0	335.24074074074076	207.9231036183226	208.37814837425685	5.848496499927901	0.0028842324252387084	0.004323399999904609
136.0-138.0 kDa	136.0	138.0	154	77.0	331.6184261373536	331.445316562564	5.803952538451507	0.0030157096551266917	0.852017937219731	0.14798206278026904	137.02950843324746	320.0	319.3961038961039	196.81456327912477	197.75247591447265	5.8034628377929955	0.003017088947476802	0.003948949999895035
138.0-140.0 kDa	138.0	140.0	166	83.0	332.1932126278116	331.9468951107219	5.805693685425452	0.0030104353314484105	0.8542600896860987	0.14573991031390132	138.98822165771156	326.0	324.8433734939759	203.08723613729367	202.76741684536935	5.804974999953388	0.003012530070609417	0.00482009999991817
140.0-142.0 kDa	140.0	142.0	152	76.0	310.85195782744347	310.8570716542265	5.738905951656859	0.0032196140713529383	0.8475336322869955	0.15246636771300448	140.9563273017113	305.0	302.7631578947368	192.15465961763687	190.94995886025004	5.739333217058686	0.0032169125839573674	0.004328649999877143
142.0-144.0 kDa	142.0	144.0	128	64.0	274.28086138969013	271.9136718228626	5.613630322962257	0.0036496897619312622	0.8452914798206278	0.1547085201793722	142.94545145500078	263.0	262.6953125	160.97769807511145	162.07735911207993	5.605484591600766	0.003677638111849924	0.0043720000002736015
144.0-146.0 kDa	144.0	146.0	128	64.0	257.73303783367487	257.59707549983636	5.551880808038988	0.003880321053398641	0.8430493273542601	0.15695067264573992	145.05524086203204	250.0	249.8515625	154.60501718867283	154.95893196183334	5.551396641252944	0.0038820316501599573	0.006406549999979916
146.0-148.0 kDa	146.0	148.0	116	58.0	254.0834341324865	254.39969656134463	5.537650837016628	0.003935808727793765	0.8408071748878924	0.15919282511210764	146.93763760413879	248.0	248.0344827586207	154.95150439666622	154.36994217058788	5.538906638664873	0.003930822298900075	0.006740649999741777
148.0-150.0 kDa	148.0	150.0	120	60.0	235.05390366235855	232.77082614101985	5.459499074664373	0.00425701504330256	0.8385650224215246	0.16143497757847536	148.9227593150009	224.0	225.35	144.04125713865858	143.05886581153806	5.450054339717168	0.004296071456314521	0.00497735000031696
150.0-152.0 kDa	150.0	152.0	103	51.5	222.2651675125379	223.12161553895865	5.403617687501529	0.004501415527878874	0.8363228699551569	0.16367713004484308	151.01360481398143	217.0	215.16504854368932	131.61491667331717	131.74221011237537	5.407716983966015	0.0044818606999795264	0.004963900000177546
152.0-154.0 kDa	152.0	154.0	105	52.5	207.7738867182838	207.58654808670533	5.336389785437335	0.004813507454114736	0.8318385650224215	0.16816143497757852	152.91967425428663	202.0	202.67619047619047	129.48236875951346	127.58741163290775	5.335548351922094	0.004817267829812928	0.0062885999998059106
154.0-156.0 kDa	154.0	156.0	89	44.5	189.64947592005288	188.97869249900543	5.2447632999579366	0.005277232809496587	0.827354260089686	0.17264573991031396	154.99594736651778	182.0	182.31460674157304	113.01735031288592	113.01021931005593	5.241634270603725	0.0052916018561471575	0.0074822999999639705
156.0-158.0 kDa	156.0	158.0	87	43.5	176.4356713727996	175.7889801203612	5.172783394339518	0.005669744618933055	0.8228699551569507	0.17713004484304928	156.96315964206988	169.0	170.93103448275863	106.61997127956886	106.34019790172626	5.16928429910182	0.005688638726473688	0.007793599998962009
158.0-160.0 kDa	158.0	160.0	76	38.0	187.10329722913764	186.30551984813167	5.230318713373168	0.0053589823225495894	0.8251121076233184	0.17488789237668156	158.97231708131676	174.0	177.30263157894737	102.48791864484184	105.4076567496107	5.227384893479481	0.005367559833119719	0.006661299999549897
160.0-162.0 kDa	160.0	162.0	127	63.5	210.1067932005639	211.00543293392334	5.347566540381118	0.004759956697634978	0.8340807174887892	0.1659192825112108	161.0626192500797	211.0	209.44094488188978	139.60447815329707	137.027919834857	5.351883881646586	0.004739214465217829	0.0055636999992145775
162.0-164.0 kDa	162.0	164.0	79	39.5	201.75702124615006	204.10409273396482	5.306507876830993	0.004962044792472754	0.8295964125560538	0.17040358744394624	162.86082026227947	199.0	195.9240506329114	119.24266799018724	118.35018295214742	5.318630122206443	0.004899460792799628	0.008433099999507476
164.0-166.0 kDa	164.0	166.0	86	43.0	164.58802607207713	163.6340116444315	5.103108925543622	0.00607982650892041	0.820627802690583	0.179372197309417	164.92345475325683	155.0	155.95348837209303	100.295318052054	99.33409216826652	5.097632294772937	0.006111198984867493	0.009507949999857601
166.0-168.0 kDa	166.0	168.0	78	39.0	155.57305414435783	153.36066651680943	5.046485537561388	0.00643588378661077	0.8183856502242153	0.18161434977578472	167.0645724158984	145.5	150.05128205128204	95.19089171448631	95.05283015449638	5.032791810481731	0.006520585045641124	0.007586250000144901
168.0-170.0 kDa	168.0	170.0	70	35.0	151.76774980096476	152.727639045577	5.022019370750295	0.00659341468705799	0.8161434977578476	0.18385650224215244	169.02782790142956	148.0	147.38571428571427	89.31195157639661	89.64289951558249	5.028656155420049	0.006547603902126803	0.009753249999363334
170.0-172.0 kDa	170.0	172.0	68	34.0	141.13848079939305	141.20421308498823	4.949716743616562	0.007085592143713217	0.8139013452914798	0.18609865470852016	170.90673049029516	137.0	137.05882352941177	87.63416772021509	86.83804511694224	4.950207159221707	0.007081941709540058	0.008214900000552916
172.0-174.0 kDa	172.0	174.0	64	32.0	123.06145257901622	122.52506496442419	4.811345232669025	0.008147611491923019	0.8094170403587444	0.1905829596412556	172.9445851940635	119.0	118.21875	75.97737717286255	74.83139632575616	4.808303728066422	0.008161789479226899	0.010813200000114875
174.0-176.0 kDa	174.0	176.0	44	22.0	109.55453470811666	109.27810571811875	4.696283661382476	0.009130400121826627	0.8004484304932735	0.19955156950672648	174.94995950954646	104.0	104.43181818181819	61.417386276215666	61.87322072856889	4.693895874408367	0.00915096731909003	0.022263749999979154
176.0-178.0 kDa	176.0	178.0	59	29.5	104.10154557137422	103.91838739245081	4.64531129830096	0.009607070135818348	0.7892376681614349	0.21076233183856508	176.99469650542486	102.0	100.7457627118644	64.50039470847638	64.46569085191362	4.64360585446337	0.009622936085636807	0.012182599999590593
178.0-180.0 kDa	178.0	180.0	46	23.0	108.64479659585943	108.24171092576589	4.688006922532575	0.009205720338056082	0.7982062780269058	0.2017937219730942	179.10440300391411	105.0	105.28260869565217	62.42418119724931	63.179033668557175	4.684366400575175	0.00923858992370432	0.013041349999696195
180.0-182.0 kDa	180.0	182.0	58	29.0	110.96876763548529	110.84128051607688	4.709072417969401	0.009014720326242374	0.8026905829596412	0.19730941704035876	180.97530649724243	110.0	109.96551724137932	68.95236677303288	68.76495463866428	4.708099246269827	0.00902190996285545	0.011246349999552763
182.0-184.0 kDa	182.0	184.0	48	24.0	108.002711966458	107.97756594568148	4.682130008994521	0.009259513800248252	0.7959641255605381	0.20403587443946192	182.8671298320845	102.5	102.60416666666667	63.529529126867146	63.6748933739394	4.681923482802674	0.009261183017786261	0.019863700000001927
184.0-186.0 kDa	184.0	186.0	55	27.5	105.4108829991298	105.43955782408888	4.657851580682667	0.009486957953649408	0.7937219730941704	0.20627802690582964	185.0115836145467	103.0	102.45454545454545	64.50807624492887	64.17355305256194	4.65813787711954	0.009484106540624534	0.01363770000014597
186.0-188.0 kDa	186.0	188.0	51	25.5	98.8631237697857	98.47430869449232	4.593487577174731	0.010120011417808472	0.7780269058295964	0.22197309417040356	186.9455999094129	95.0	95.82352941176471	61.34369395992213	59.93832151938859	4.589795688720547	0.010154932928774448	0.012168799999386692
188.0-190.0 kDa	188.0	190.0	39	19.5	91.01973984945812	90.1722193264419	4.510817346624766	0.010992275808419641	0.7713004484304933	0.22869955156950672	189.14372691589838	86.0	86.15384615384616	53.10303150990023	53.10627281469005	4.501721389900975	0.01108989007334726	0.030355099999837876
190.0-192.0 kDa	190.0	192.0	43	21.5	101.47145692859473	102.14279916502328	4.618017092590441	0.009889914866917288	0.7825112107623319	0.21748878923766812	190.91069446604777	100.0	97.95348837209302	58.3125864845843	59.219903781623785	4.626371826023377	0.00979021534728441	0.017693200000223896
192.0-194.0 kDa	192.0	194.0	67	33.5	114.0719526283816	114.66646646595403	4.736654600669469	0.008769474321623831	0.8071748878923767	0.19282511210762332	193.00858891432964	114.0	113.32835820895522	71.99332273438152	71.28808973669064	4.742027622767317	0.008720945458774672	0.01038469999897984
194.0-196.0 kDa	194.0	196.0	50	25.0	112.31808732704303	112.2093496740024	4.721286732937319	0.008904144304898685	0.804932735426009	0.19506726457399104	194.93873579000126	109.5	108.64	67.30551101554288	66.5982212568187	4.720366319893792	0.008911913340616927	0.011208100000089871
196.0-198.0 kDa	196.0	198.0	50	25.0	103.66151503642303	102.81261587700317	4.640879753295477	0.009651586284377667	0.7847533632286996	0.2152466367713004	197.00771602200115	99.0	99.54	62.95047252265311	62.61835921772501	4.632907553513811	0.009726442815438639	0.014729699998355272
198.0-200.0 kDa	198.0	200.0	50	25.0	103.92222877564718	104.11256082921551	4.643485286249496	0.00962562617274313	0.7869955156950673	0.21300448430493268	198.95602586200107	102.0	101.72	61.546293846563906	61.64806930498831	4.6454711569254785	0.009605017273995566	0.009911349998830588
200.0-202.0 kDa	200.0	202.0	51	25.5	94.05761414576276	94.6237647693964	4.54318355038659	0.010647250364574711	0.773542600896861	0.226457399103139	200.95959940549142	92.0	92.09803921568627	59.32435521678745	58.13773575328987	4.549908657716228	0.01056816966051877	0.015553299999680803
202.0-204.0 kDa	202.0	204.0	35	17.5	78.43617540674296	77.96034180560031	4.360011316118048	0.01280715264673527	0.7645739910313901	0.23542600896860988	203.03298226571553	75.0	74.77142857142857	44.438731711761456	45.22097150067057	4.356200259001225	0.012827034577318448	0.02551019999896198
204.0-206.0 kDa	204.0	206.0	29	14.5	73.7613005080775	73.58893998348357	4.300304002709262	0.013571573047516038	0.7600896860986547	0.23991031390134532	204.92388342827715	69.0	69.62068965517241	41.303149544924366	41.457641290112456	4.298494742479329	0.01358899856723635	0.01159629999972367
206.0-208.0 kDa	206.0	208.0	47	23.5	86.0176457123497	86.90954487879682	4.4532647520339514	0.01165564712595465	0.7690582959641256	0.23094170403587444	207.02473046936294	87.0	84.08510638297872	53.415341379127085	52.27184346587317	4.464867863740189	0.01150621604789888	0.017103300000485433
208.0-210.0 kDa	208.0	210.0	48	24.0	97.50252314873683	96.2981927319885	4.579149271630202	0.010271005727997912	0.7757847533632287	0.22421524663677128	209.03115293416798	92.5	93.60416666666667	57.994066127615135	57.92693982109378	4.567448956570652	0.010384423233940947	0.010447699999872384
210.0-212.0 kDa	210.0	212.0	53	26.5	104.79322317122853	104.48710739653075	4.651916544762502	0.009543985997859713	0.7914798206278026	0.20852017937219736	211.18543712717133	104.0	103.11320754716981	67.14118503823167	65.397281390054	4.6490636895977655	0.009570558750420559	0.012472300000069936
212.0-214.0 kDa	212.0	214.0	44	22.0	99.11366666690473	100.11353375197615	4.59564252882071	0.010102280254110235	0.7802690582959642	0.21973094170403584	212.84602185045608	99.0	98.13636363636364	61.843860521558035	61.13896436780285	4.606304472322808	0.00998866763440157	0.01703750000010018
214.0-216.0 kDa	214.0	216.0	37	18.5	78.86575584656416	77.04439646257487	4.366464833376189	0.0127119475308096	0.7668161434977578	0.23318385650224216	214.8761676935151	73.0	73.45945945945945	44.5940304856213	44.675538445122854	4.344381833132816	0.012979529283297852	0.018182300000631813
216.0-218.0 kDa	216.0	218.0	42	21.0	73.4327711484915	72.99364564244092	4.295843318016849	0.013632198252761095	0.757847533632287	0.24215246636771304	217.17632134190634	72.0	72.71428571428571	46.884603606682155	45.86266255270435	4.29037036855385	0.013699878076105638	0.010351899998354952
218.0-220.0 kDa	218.0	220.0	31	15.5	67.9320450774133	68.56444152041534	4.218017713408619	0.014735104639772552	0.7533632286995515	0.24663677130044848	219.04356912193683	67.0	65.41935483870968	39.357944798641235	39.462561835467156	4.227774055161084	0.014584819446130045	0.01724489999955381
220.0-222.0 kDa	220.0	222.0	24	12.0	66.70378674825726	66.66222430191766	4.199672246634171	0.015009315892163	0.7488789237668162	0.2511210762331838	221.15431478833514	62.5	63.208333333333336	36.87682304662365	36.94678381292349	4.199638042820192	0.015001011520524157	0.04377090000009787
222.0-224.0 kDa	222.0	224.0	44	22.0	74.5675888442836	74.68529778896702	4.311530986370974	0.013415356591754891	0.7623318385650224	0.2376681614349776	223.01549115045654	74.0	74.02272727272727	48.17025909168207	47.772546456420464	4.313283045559586	0.01338952177371398	0.009010399999993979
224.0-226.0 kDa	224.0	226.0	30	15.0	70.1214991462853	70.03001442553816	4.248779259823963	0.014302416992764678	0.7556053811659192	0.24439461883408076	224.93783721666838	69.0	67.93333333333334	41.10000111252765	41.23500110353769	4.248911308007418	0.014279951929518298	0.02246915000073102
226.0-228.0 kDa	226.0	228.0	27	13.5	62.53656281915082	62.51191716900745	4.1357325003131	0.015991248967343528	0.7376681614349776	0.2623318385650224	226.88579471703886	59.0	59.407407407407405	34.788299941972596	34.97466499564693	4.135357213270364	0.015996949786332683	0.01988379999855283
228.0-230.0 kDa	228.0	230.0	33	16.5	63.93818721061329	63.57008373957158	4.157538573839457	0.015651897502475573	0.7466367713004485	0.2533632286995515	228.8785686860624	61.0	61.93939393939394	39.23684787649702	38.79229715428623	4.152142978228739	0.01573066985559927	0.018317399998323936
230.0-232.0 kDa	230.0	232.0	32	16.0	67.18582343098863	67.071208591653	4.207438228814408	0.014884809056931623	0.7511210762331838	0.2488789237668162	230.90461341125174	65.5	65.375	40.082466888872666	39.95869532338347	4.205754868128743	0.014909527118240909	0.017892449999877158
232.0-234.0 kDa	232.0	234.0	32	16.0	63.213112203101744	62.78488300823713	4.146331385941893	0.0158251833506681	0.7399103139013453	0.2600896860986547	232.83098534562706	60.0	61.125	38.44878594230273	37.96652284754613	4.139713545810345	0.01592742578472679	0.01727520000018501
234.0-236.0 kDa	234.0	236.0	31	15.5	60.74133399871519	60.32318452778074	4.105848806532669	0.016488783525020066	0.7354260089686099	0.2645739910313901	235.08109754451797	59.0	58.87096774193548	36.80110645669194	36.319516142411	4.099716516201721	0.016577374152710194	0.020898400000760375
236.0-238.0 kDa	236.0	238.0	28	14.0	57.14427975194582	57.117866004306606	4.045576826800551	0.017499650639423308	0.7309417040358744	0.26905829596412556	236.91062303357322	56.0	55.607142857142854	34.944095143399664	33.88665646886165	4.045116955995776	0.01750765693632092	0.018445699999745102
238.0-240.0 kDa	238.0	240.0	27	13.5	59.10415045922446	59.045194529797804	4.07910157270983	0.01692603158607018	0.7331838565022422	0.26681614349775784	239.2310815355572	60.0	57.666666666666664	35.54419195327993	34.551215657754994	4.078303159650202	0.016936179276966206	0.023645800000679174
240.0-242.0 kDa	240.0	242.0	33	16.5	63.64804200794992	63.924955835662566	4.153215653602335	0.015716245066404642	0.7443946188340808	0.25560538116591924	241.0372624012139	65.0	64.21212121212122	40.60075710712606	40.217860868127595	4.157709830299617	0.01564334283735427	0.03429390000184185
242.0-244.0 kDa	242.0	244.0	23	11.5	54.17031924391596	54.35830622341707	3.990744185344135	0.01851203954048799	0.7286995515695067	0.2713004484304933	242.81873170608895	53.0	52.52173913043478	32.198368727150836	31.70985967464002	3.9955974302878867	0.01839645252907474	0.024149099999277723
244.0-246.0 kDa	244.0	246.0	18	9.0	42.24784842935952	41.33790861414036	3.7428856245205537	0.02370098064563457	0.726457399103139	0.273542600896861	244.78836754111273	39.0	39.22222222222222	23.591747464326435	23.75668327229674	3.7217788450679317	0.024190924736374422	0.03144359999998869
246.0-248.0 kDa	246.0	248.0	24	12.0	38.58760205441123	38.56367730867567	3.651669326807093	0.025980279418893682	0.7197309417040358	0.28026905829596416	246.94765570083516	38.5	38.166666666666664	24.31168290536398	24.03310550757944	3.652226438651402	0.025935514165438607	0.02123500000075751
248.0-250.0 kDa	248.0	250.0	13	6.5	34.036347491483006	33.93910143210798	3.5267870549037386	0.029418107412803953	0.7040358744394619	0.2959641255605381	248.93508921846347	32.0	32.38461538461539	16.790564989137856	17.75736089186358	3.5245677842672736	0.02946453965495837	0.06603359999920144
250.0-252.0 kDa	250.0	252.0	16	8.0	29.01688821807333	28.824708086285455	3.3677587068763435	0.034470868908530225	0.672645739910314	0.32735426008968604	251.0320684487518	28.0	28.5625	18.60335529479506	18.46994662379264	3.3612329384667596	0.03469245891673057	0.07012899999951117
252.0-254.0 kDa	252.0	254.0	10	5.0	30.145982364294962	30.334561448890277	3.4059324630105805	0.033179846365974805	0.6816143497757847	0.3183856502242153	252.7853481900021	28.0	28.6	15.136376422880184	15.50257107898599	3.412287382688948	0.03296571948197067	0.03771590000009439
254.0-256.0 kDa	254.0	256.0	18	9.0	30.47039538574012	30.229993780489757	3.416360166161831	0.03284458934239148	0.6838565022421524	0.31614349775784756	254.85119733555752	29.5	29.61111111111111	19.152928609811497	18.80339151881	3.4087886349133454	0.033082770303061754	0.07383315000018342
256.0-258.0 kDa	256.0	258.0	15	7.5	31.261727017198236	31.121429693874383	3.442242865486328	0.03199768208339239	0.6883408071748879	0.3116591928251121	256.895872513335	30.0	29.933333333333334	17.42358817730156	17.525080564100033	3.4378966395747916	0.03213219989687137	0.06043379999954368
258.0-260.0 kDa	258.0	260.0	15	7.5	31.41087712827055	31.343556122559566	3.4470621006970434	0.031841964368059354	0.6905829596412556	0.3094170403587444	259.0523223133354	30.0	30.533333333333335	18.475714585315497	18.348820415310623	3.445008699621549	0.03190448448445991	0.06540849999919374
260.0-262.0 kDa	260.0	262.0	14	7.0	32.10771719382249	31.900520081116596	3.4686921662029326	0.031170270395871492	0.6995515695067265	0.3004484304932735	260.72178228714455	30.5	31.142857142857142	19.220317742682006	18.930905700529564	3.462613026476967	0.031348033541712186	0.07528859999985116
262.0-264.0 kDa	262.0	264.0	17	8.5	33.328979813651074	32.37118340344774	3.5045556641189597	0.030115088650329074	0.7017937219730942	0.2982062780269058	262.8459704917666	30.0	31.529411764705884	18.369360519647053	18.783160786969674	3.477268625918272	0.030891672619342475	0.0407405000001404
264.0-266.0 kDa	264.0	266.0	20	10.0	37.12049052645938	36.312099067643175	3.613481457185471	0.026975971635364877	0.7174887892376681	0.2825112107623319	264.96310732000194	35.0	35.75	22.910807526874905	22.73382792933609	3.5921509933192377	0.027539030400532433	0.02592924999962065
266.0-268.0 kDa	266.0	268.0	17	8.5	41.5618751007161	41.69419272426041	3.7270903448581607	0.024064998665675217	0.7242152466367713	0.2757847533632287	266.97582956235516	40.0	40.88235294117647	23.34212550844218	23.683325234267603	3.7303618558995506	0.023984155458132532	0.03518689999771141
268.0-270.0 kDa	268.0	270.0	25	12.5	40.12978210161734	40.39008525946031	3.691843143563346	0.024932975636739855	0.7219730941704036	0.27802690582959644	268.90356833600237	41.0	40.48	25.369333629762462	24.524006965008663	3.6985843404782757	0.024758551351801775	0.015047299997604568
270.0-272.0 kDa	270.0	272.0	13	6.5	34.85233733578074	34.70186062457465	3.5510382079780403	0.028697170465044216	0.7085201793721974	0.29147982062780264	270.86922898000194	32.0	31.846153846153847	19.931762762383023	19.758006404557065	3.5467933058200414	0.02881689863314807	0.05157700000142995
272.0-274.0 kDa	272.0	274.0	21	10.5	34.50894862709318	34.500405568207924	3.5410412408256327	0.02898826099131418	0.7062780269058296	0.29372197309417036	273.16690206571656	34.0	32.857142857142854	21.385303681263945	20.77795451703005	3.5409710795684473	0.02898516650834675	0.03783799999922621
274.0-276.0 kDa	274.0	276.0	16	8.0	35.36977411963812	35.13545182010524	3.56466365016715	0.028340347573071478	0.7107623318385651	0.2892376681614349	275.2327672800021	35.0	35.0625	20.558289671324317	20.707761376921155	3.559191355308468	0.028462379919287854	0.017438200001265614
276.0-278.0 kDa	276.0	278.0	14	7.0	31.821486299543977	31.77973816233774	3.4598934903933554	0.03144093200586621	0.695067264573991	0.30493273542600896	276.89906878714515	31.0	30.857142857142858	17.956323041778234	18.40050263871488	3.458828854060341	0.03146659455717529	0.021300799997789
278.0-280.0 kDa	278.0	280.0	12	6.0	31.957173859952444	31.534031508366496	3.463420576576486	0.031352632087570165	0.6973094170403588	0.30269058295964124	278.86944937166885	29.0	29.083333333333332	16.27149428587906	16.794516630464187	3.451058230760707	0.031712348431649086	0.10668889999843145
280.0-282.0 kDa	280.0	282.0	23	11.5	36.17626219699294	36.309320539083615	3.5883302118811478	0.027646475288294187	0.7152466367713004	0.2847533632286996	280.99273979739394	36.0	35.73913043478261	23.155701033950457	22.874525673533338	3.592074472474612	0.02754113778922392	0.021075099999734448
282.0-284.0 kDa	282.0	284.0	14	7.0	35.99106223004828	36.68068645328537	3.582543414179419	0.02782564961595235	0.7130044843049327	0.2869955156950673	282.89509623000276	35.0	34.857142857142854	19.325316161751942	19.953477454680588	3.6022379006701057	0.027262982767949293	0.06201800000036428
284.0-286.0 kDa	284.0	286.0	18	9.0	31.5279994394893	31.558917171479333	3.4508217216445556	0.03172128541740964	0.6928251121076233	0.3071748878923767	284.945446902225	30.0	30.333333333333332	18.493651753720528	18.433587896082514	3.4518540538501457	0.031686900324920844	0.02959710000138216
286.0-288.0 kDa	286.0	288.0	15	7.5	29.038467559257853	28.313257140601948	3.3677694341193014	0.03449474055099343	0.6748878923766816	0.32511210762331844	287.1974716200027	28.0	28.133333333333333	17.33846869124475	17.36518591227819	3.343330145158601	0.03531914378603845	0.026261600000111684
288.0-290.0 kDa	288.0	290.0	11	5.5	28.462224938304665	28.68107223275859	3.3473476717863515	0.03522125915918036	0.6704035874439462	0.32959641255605376	289.1022626981842	29.0	28.272727272727273	16.14304176351921	16.066994972370058	3.3562374011120264	0.03486619997622796	0.07669749999871556
290.0-292.0 kDa	290.0	292.0	12	6.0	26.299984496447834	25.85689949292349	3.2686637992039986	0.03809040866411698	0.6659192825112108	0.3340807174887892	290.6627755633364	24.5	24.833333333333332	15.247255043457503	15.164658607173928	3.252534075654964	0.03867775381618123	0.03732684999883418
292.0-294.0 kDa	292.0	294.0	15	7.5	27.33799578133633	27.244389425945638	3.308196555744042	0.03658500118315914	0.6681614349775785	0.3318385650224215	292.9865739333358	26.0	26.533333333333335	17.066354524532162	16.62048369577614	3.3048476072846085	0.03670480495509547	0.060062699996706215
294.0-296.0 kDa	294.0	296.0	13	6.5	23.955945564925482	24.64626609657485	3.17087337339832	0.04220144942915162	0.6591928251121076	0.34080717488789236	294.79328893384866	25.0	24.0	15.34382211357736	14.578085126106414	3.2046254122025486	0.04057409735339068	0.060774700001161364
296.0-298.0 kDa	296.0	298.0	5	2.5	13.496060502144946	13.618952672292636	2.5839299051868037	0.07686546519225072	0.6434977578475336	0.3565022421524664	297.0450745200018	11.0	11.8	5.727964415651249	5.989684378265547	2.6114624014572514	0.07342708533193386	0.26894329999828415
298.0-300.0 kDa	298.0	300.0	4	2.0	13.376783667774179	12.978338779903929	2.579916459687639	0.07678468680097066	0.6412556053811659	0.3587443946188341	299.0597275550033	11.0	11.5	5.484881745961115	5.927631484914815	2.5632815816388095	0.07705148507335784	0.11570139999733442
300.0-302.0 kDa	300.0	302.0	12	6.0	24.28634648287236	25.124212625885058	3.1782617522987864	0.0421664518619759	0.6614349775784754	0.33856502242152464	301.13010353000226	23.5	23.75	14.557565433214743	13.84122181360766	3.2237220406815372	0.0398109987746382	0.10779420000119444
302.0-304.0 kDa	302.0	304.0	20	10.0	29.51582394973081	29.339226531895427	3.3842142588267405	0.03392841461525517	0.679372197309417	0.320627802690583	303.13825729500275	30.0	29.75	20.097932130352927	19.782221706775225	3.378924587222751	0.03408411754565435	0.04195479999827967
304.0-306.0 kDa	304.0	306.0	7	3.5	25.47571614604136	25.69687265034923	3.2363384525067187	0.03936199585644829	0.6636771300448431	0.3363228699551569	305.0418638085743	23.0	22.0	11.26401061730764	11.818253529988652	3.246369297739901	0.03891524130608203	0.16337390000205687
306.0-308.0 kDa	306.0	308.0	13	6.5	29.220637168546073	30.29903392766344	3.372673186697871	0.034376395387532094	0.6771300448430493	0.3228699551569507	307.3578267492339	30.0	28.846153846153847	20.12436603399218	17.782748910302406	3.4111158284315675	0.03300435262680062	0.04463000000004058
308.0-310.0 kDa	308.0	310.0	19	9.5	30.927363380337994	31.488451781251275	3.4303445398812262	0.03241905290759637	0.6860986547085202	0.31390134529147984	308.9008239010562	33.0	32.31578947368421	21.14865767082497	20.34338921957804	3.4496208684946614	0.03175767443083422	0.03343159999951695
310.0-312.0 kDa	310.0	312.0	6	3.0	23.347555215245865	23.01424277576522	3.1469000041316915	0.043138959218535215	0.6569506726457399	0.3430493273542601	310.57696668000295	20.0	20.833333333333332	11.290037360066277	11.583306223474892	3.1343509216087946	0.043604777112658026	0.09863639999713314
312.0-314.0 kDa	312.0	314.0	10	5.0	16.200435785102187	15.647916592491637	2.783392262451803	0.06192786348377728	0.647982062780269	0.35201793721973096	313.1496791300025	14.5	15.2	9.44360655638947	9.374755035719728	2.7502896514938193	0.06391242321762702	0.05018209999843748
314.0-316.0 kDa	314.0	316.0	8	4.0	16.90010572382138	16.811145593822005	2.824425199194475	0.05951807666378704	0.6502242152466368	0.34977578475336324	315.1424774050022	16.5	17.125	9.94892697116342	9.875847791168683	2.821537004476495	0.05954446620831562	0.22440000000005966
316.0-318.0 kDa	316.0	318.0	5	2.5	13.312892346887574	13.769624769088791	2.5876656384241103	0.07527676330877539	0.6390134529147982	0.36098654708520184	316.52021714000364	14.0	13.2	8.435912071459718	7.506841352311804	2.6224650624846593	0.07262362023436426	0.017061999999214095
318.0-320.0 kDa	318.0	320.0	5	2.5	9.47952097739431	9.319990756499912	2.2445342529606824	0.10643363143310829	0.5986547085201793	0.4013452914798207	319.1678759800039	9.0	9.6	4.99957541146488	5.020460370483301	2.232161636905153	0.10729624375459641	0.05366779999815208
320.0-322.0 kDa	320.0	322.0	4	2.0	8.73281112156006	8.631147662334055	2.1668655158826025	0.1145610688953541	0.5852017937219731	0.4147982062780269	320.5613343800035	9.0	8.75	5.137432398530142	4.715221170967055	2.15537746198872	0.11585945207578216	0.26761719999984734
322.0-324.0 kDa	322.0	324.0	4	2.0	10.195844920069892	10.320863905048105	2.319995402971619	0.09847155868112073	0.6121076233183856	0.38789237668161436	323.3201329050049	9.5	9.25	5.623781863083915	5.198463516069619	2.333133614205021	0.09709166369696778	0.29728265000036913
324.0-326.0 kDa	324.0	326.0	8	4.0	12.790615386289527	12.886287251006525	2.547708040467936	0.07834246712961837	0.6367713004484304	0.36322869955156956	325.0840854425037	13.0	13.5	7.5720598319810275	7.510684141320304	2.5561637378544884	0.07760187159988903	0.08498184999973546
326.0-328.0 kDa	326.0	328.0	5	2.5	10.865434828511585	10.633196358300664	2.3797914896692633	0.09310812003187756	0.6278026905829597	0.3721973094170403	326.8313264600036	10.0	11.0	5.989650810666094	6.135780368737338	2.3639808393752055	0.09404509860474487	0.24748039999968796
328.0-330.0 kDa	328.0	330.0	1	0.5	7.9603416539832965	7.9603416539832965	2.074471920289882	0.12562274880495958	0.5762331838565022	0.42376681614349776	328.25209658000483	7.0	7.0	2.6388591809973785	2.6388591809973785	2.074471920289882	0.12562274880495958	0.7689192000013918
330.0-332.0 kDa	330.0	332.0	5	2.5	8.90734161577323	9.702711662886793	2.1778424728288717	0.11435226447745109	0.5919282511210763	0.4080717488789237	330.7146241400038	11.0	9.2	5.246778802456577	4.557650970999771	2.27240539931664	0.10306397167557133	0.09468989999942323
332.0-334.0 kDa	332.0	334.0	6	3.0	10.294224363294836	10.235853868342888	2.331521199251384	0.097153827315827	0.6143497757847534	0.38565022421524664	332.5823132466713	10.0	10.333333333333334	6.2502935587427295	6.230908230714607	2.3258898683095657	0.09769713013040537	0.12370784999924922
334.0-336.0 kDa	334.0	336.0	6	3.0	10.190293765067318	9.941588187236723	2.320240083266205	0.09836528251572103	0.6098654708520179	0.3901345291479821	335.1851245133378	9.0	9.0	5.32674369918986	5.210031602815405	2.2967240434337097	0.10058810170977725	0.25129549999917344
336.0-338.0 kDa	336.0	338.0	3	1.5	14.179151629966652	13.586916830639412	2.649140625169251	0.07089248791612603	0.6457399103139013	0.3542600896860987	336.9158278466703	14.0	13.666666666666666	5.894549934053175	6.595954920410662	2.6091073319781004	0.07360021500572762	0.0661729000000264
338.0-340.0 kDa	338.0	340.0	12	6.0	18.17680906925248	18.001190801050335	2.8958269814458024	0.055490775238630496	0.6524663677130045	0.3475336322869955	338.792839821671	17.5	17.916666666666668	11.069946129860135	10.833811744487788	2.890122293182495	0.05558695791902522	0.11467854999975202
340.0-342.0 kDa	340.0	342.0	9	4.5	18.314822574542305	18.42552779884388	2.9071549995689216	0.054661306364901116	0.6547085201793722	0.3452914798206278	340.80051734667126	18.0	17.77777777777778	11.283459346386927	10.97414693423834	2.913737083463971	0.05427252944486863	0.11055240000166577
342.0-344.0 kDa	342.0	344.0	7	3.5	12.683292213349032	12.887702069057074	2.5254772010326527	0.08126273328278143	0.6345291479820628	0.36547085201793716	342.91194516571875	12.0	12.285714285714286	6.7725051140703405	6.547382564349286	2.5562735286814235	0.07759335175825995	0.31788800000083484
344.0-346.0 kDa	344.0	346.0	2	1.0	8.245848823416843	8.245848823416843	2.108032263192402	0.12168073074410185	0.5829596412556054	0.4170403587443946	344.7122397300045	8.0	8.0	3.4017414203945497	3.4017414203945497	2.108032263192402	0.12168073074410185	0.5596746000001076
346.0-348.0 kDa	346.0	348.0	3	1.5	6.167160831269526	6.113939940855455	1.8189732376014274	0.1622349115050449	0.5336322869955157	0.4663677130044843	346.60932844667195	6.0	5.666666666666667	2.796735591785535	2.8039947823307916	1.8105714002040805	0.16356065150683852	0.18932909999836056
348.0-350.0 kDa	348.0	350.0	4	2.0	8.858736302518581	8.853604566411018	2.1761348457897842	0.1140812440710541	0.5874439461883408	0.41255605381165916	348.86847700500556	8.5	8.75	3.9519178111946087	4.111924124648564	2.1791099741747084	0.11333635636213099	0.4369392000025982
350.0-352.0 kDa	350.0	352.0	7	3.5	10.742901626013596	10.678841935052613	2.3734774791565068	0.09322703558731535	0.625560538116592	0.37443946188340804	350.87009555143317	10.0	10.571428571428571	6.138323944954932	6.091172845051952	2.368264394605253	0.09364311280959822	0.12751260000072762
352.0-354.0 kDa	352.0	354.0	5	2.5	11.793946193179613	11.900943723484673	2.4673974162120036	0.0848213667467825	0.6322869955156951	0.3677130044843049	353.2780622200051	11.0	11.0	5.739554734611759	6.006345608798519	2.4766177014675588	0.08402694973060452	0.12994789999891054
354.0-356.0 kDa	354.0	356.0	6	3.0	10.720051803331861	10.634865001701716	2.3715924183395116	0.09338004948043277	0.6233183856502242	0.37668161434977576	354.86708159667074	10.5	10.166666666666666	6.541038505455829	6.332209250169822	2.3641102469524817	0.09403551592252987	0.18857540000044537
356.0-358.0 kDa	356.0	358.0	3	1.5	10.532815662276919	10.181209177408599	2.353367830063656	0.0951534154996534	0.6188340807174888	0.3811659192825112	357.11767161333916	9.0	9.0	5.163063575925421	4.766707443428241	2.320543783774775	0.09822016055017621	0.010294299999713985
358.0-360.0 kDa	358.0	360.0	7	3.5	9.962688765707188	9.85032280429345	2.298676116230456	0.10040857332544575	0.6031390134529148	0.39686098654708524	358.78237879429076	9.0	9.571428571428571	6.219458974457805	6.036909843525423	2.287504226656494	0.10151951564106418	0.21940769999810072
360.0-362.0 kDa	360.0	362.0	4	2.0	7.555683402936628	7.313738525909677	2.0189804623398393	0.1332149327246196	0.5650224215246636	0.43497757847533636	361.3725869550052	6.5	6.75	3.6029778745021743	3.5941941217602373	1.9891356280077819	0.1368983380376616	0.2704681499990045
362.0-364.0 kDa	362.0	364.0	2	1.0	7.5418878011961485	7.5418878011961485	2.0199876300292985	0.1327214460234566	0.5627802690582959	0.4372197309417041	363.17480333000543	8.0	8.0	3.364046625956063	3.364046625956063	2.0199876300292985	0.1327214460234566	0.636146700000694
364.0-366.0 kDa	364.0	366.0	4	2.0	7.6628639826991165	7.5448803178262756	2.033933982332315	0.13113726232282172	0.5695067264573991	0.4304932735426009	364.67121123000544	7.0	7.0	3.7013094178809394	3.702978878452728	2.0195263921905955	0.13289664545061203	0.2540008999985446
366.0-368.0 kDa	366.0	368.0	5	2.5	9.228340398604924	8.629700885450896	2.2183911248449846	0.10919481049125224	0.5964125560538116	0.4035874439461884	367.045564740005	8.0	8.6	4.344967362361353	4.536566659123625	2.1552098446396175	0.11587887150132095	0.31930750000003627
368.0-370.0 kDa	368.0	370.0	6	3.0	10.339416656607556	10.241045662488377	2.3357246092510295	0.0967632166378642	0.6165919282511211	0.3834080717488789	369.2256216300052	10.0	10.333333333333334	6.001380053848982	5.892527841322889	2.3264031337610174	0.09764639522038009	0.16661250000061045
370.0-372.0 kDa	370.0	372.0	4	2.0	8.884611562641645	9.060965277877433	2.1745367031777167	0.11480343991153306	0.5896860986547086	0.41031390134529144	371.06488678000574	9.0	9.0	4.294947635428589	4.496029921691981	2.1988836288881997	0.11149320846279014	0.30525110000064615
372.0-374.0 kDa	372.0	374.0	2	1.0	6.10791390936843	6.10791390936843	1.8091600234352874	0.16386133053574775	0.531390134529148	0.46860986547085204	372.52044823000585	5.5	5.5	2.921451517251941	2.921451517251941	1.8091600234352874	0.16386133053574775	0.41841949999991357
374.0-376.0 kDa	374.0	376.0	3	1.5	4.248673863381133	4.169219808550858	1.444357029968138	0.2364206365789566	0.48878923766816146	0.5112107623318385	375.1112069800061	4.0	4.0	1.7400339531961495	1.6947586657723113	1.427728922035242	0.2398530290844946	0.37352310000375155
376.0-378.0 kDa	376.0	378.0	2	1.0	4.309359301800749	4.309359301800749	1.460786542858438	0.23205430845876993	0.4910313901345291	0.5089686098654709	377.5319265800052	5.0	5.0	1.784256838756496	1.784256838756496	1.460786542858438	0.23205430845876993	0.07826780000129929
378.0-380.0 kDa	378.0	380.0	2	1.0	3.3449670490331034	3.3449670490331034	1.204049607290934	0.3010007953546735	0.4551569506726457	0.5448430493273543	379.1952439800063	4.0	4.0	1.4369487193838613	1.4369487193838613	1.204049607290934	0.3010007953546735	0.4305379999990464
380.0-382.0 kDa	380.0	382.0	0	0.0					0.16031390134529147	0.8396860986547086								
382.0-384.0 kDa	382.0	384.0	0	0.0					0.16031390134529147	0.8396860986547086								
384.0-386.0 kDa	384.0	386.0	1	0.5	1.6971564231681917	1.6971564231681917	0.5289541582965094	0.5892208793183809	0.37668161434977576	0.6233183856502242	384.3549800800048	2.0	2.0	0.19139663337861257	0.19139663337861257	0.5289541582965094	0.5892208793183809	1.9268231000007177
386.0-388.0 kDa	386.0	388.0	3	1.5	6.07173102364131	6.376062746006185	1.7971288528447236	0.1669097650717711	0.5291479820627802	0.47085201793721976	387.0519667133387	6.0	6.333333333333333	2.920797123867629	2.9518306089719837	1.852550782406585	0.15683659961257068	0.6976869999992914
388.0-390.0 kDa	388.0	390.0	4	2.0	6.732990750714749	6.611077586895525	1.9064562538291054	0.14868769719750466	0.547085201793722	0.452914798206278	388.451644730005	6.5	6.25	4.253448151313299	4.033157844675388	1.888745337147357	0.15126167272889424	0.1364217499993572
390.0-392.0 kDa	390.0	392.0	4	2.0	7.0103901691511314	6.949927627319835	1.947096589123342	0.14272963372555753	0.5515695067264574	0.44843049327354256	391.2421299550055	7.0	7.0	3.9709793380457192	4.0055840654893275	1.9386669228237623	0.14390490212743717	0.10597554999966974
392.0-394.0 kDa	392.0	394.0	3	1.5	9.9810733382747	9.796015220876193	2.3001759762286835	0.10029207417302477	0.6053811659192825	0.3946188340807175	392.7821061133393	10.0	10.333333333333334	4.373591976524495	4.397818344885029	2.281975692873544	0.10208232403201148	0.03607599999958211
394.0-396.0 kDa	394.0	396.0	7	3.5	10.009598895122712	9.934529189209103	2.3026801650351296	0.10007624339317134	0.6076233183856502	0.3923766816143498	394.76566075143404	10.0	10.142857142857142	6.473824295663289	6.473746478822723	2.2960164857725873	0.10065902278350555	0.09157370000099263
396.0-398.0 kDa	396.0	398.0	2	1.0	7.643782550586538	7.643782550586538	2.0304857265012717	0.13171972962831133	0.5672645739910314	0.43273542600896864	396.2368688800064	8.0	8.0	3.512465495716838	3.512465495716838	2.0304857265012717	0.13171972962831133	0.46541120000495084
398.0-400.0 kDa	398.0	400.0	1	0.5	1.9649763321764144	1.9649763321764144	0.6754802005547499	0.508911982106368	0.3923766816143498	0.6076233183856502	399.4781694800053	2.0	2.0	0.3701533281284535	0.3701533281284535	0.6754802005547499	0.508911982106368	1.4640808000017387
400.0-402.0 kDa	400.0	402.0	1	0.5	3.224929881694201	3.224929881694201	1.1709112079010475	0.31008426126606353	0.4439461883408072	0.5560538116591929	400.94225028000704	3.0	3.0	0.7800183429898719	0.7800183429898719	1.1709112079010475	0.31008426126606353	1.4566267999983324
402.0-404.0 kDa	402.0	404.0	4	2.0	5.7395646543778245	5.7662674971510945	1.7471001571598366	0.17432836658293702	0.5246636771300448	0.4753363228699552	403.3517366050057	6.0	6.0	3.4799072536058158	3.1255964558033367	1.7519934578375604	0.17343334616245024	0.2532743999999809
404.0-406.0 kDa	404.0	406.0	3	1.5	4.7434578037076935	4.313327905038439	1.5394441434816482	0.21800030677246832	0.5022421524663677	0.4977578475336323	405.18739061333804	5.0	5.333333333333333	1.7193427539119188	2.2370692695867658	1.4617097419119918	0.23183954988256064	0.1747504999985381
406.0-408.0 kDa	406.0	408.0	0	0.0					0.16031390134529147	0.8396860986547086								
408.0-410.0 kDa	408.0	410.0	2	1.0	2.927268056614013	2.927268056614013	1.0740354392484373	0.34163878157433636	0.4327354260089686	0.5672645739910314	408.99174203000644	3.0	3.0	1.4461766279237882	1.4461766279237882	1.0740354392484373	0.34163878157433636	0.249036499999022
410.0-412.0 kDa	410.0	412.0	1	0.5	2.775650758714817	2.775650758714817	1.0208852273507572	0.36027587291386054	0.42376681614349776	0.5762331838565022	410.232273480006	3.0	3.0	0.930362304084722	0.930362304084722	1.0208852273507572	0.36027587291386054	1.1160132000000544
412.0-414.0 kDa	412.0	414.0	0	0.0					0.16031390134529147	0.8396860986547086								
414.0-416.0 kDa	414.0	416.0	1	0.5	2.038896153666094	2.038896153666094	0.7124085602639982	0.4904614676926641	0.3991031390134529	0.600896860986547	414.661126380008	2.0	2.0	0.4037203321778633	0.4037203321778633	0.7124085602639982	0.4904614676926641	1.4271662999984756
416.0-418.0 kDa	416.0	418.0	3	1.5	3.9041024699130595	3.867761982287301	1.3611450838714738	0.2565916180973962	0.4730941704035874	0.5269058295964126	417.0976757133403	4.0	4.0	1.9593039545907582	1.6962287437924086	1.3526760406116736	0.2585474505875939	0.7308985000003645
418.0-420.0 kDa	418.0	420.0	1	0.5	3.655866438312655	3.655866438312655	1.296333120734394	0.27353296868841426	0.4618834080717489	0.5381165919282511	418.17597898000696	3.0	3.0	1.8035342901368767	1.8035342901368767	1.296333120734394	0.27353296868841426	0.20816249999950287
420.0-422.0 kDa	420.0	422.0	1	0.5	1.719852719458345	1.719852719458345	0.5422386589371638	0.5814451369504143	0.3789237668161435	0.6210762331838565	420.5055024800074	1.0	1.0	0.14382312752981075	0.14382312752981075	0.5422386589371638	0.5814451369504143	2.329523500000448
422.0-424.0 kDa	422.0	424.0	2	1.0	7.143116250398267	7.143116250398267	1.9647950195604027	0.14037457292001432	0.5582959641255605	0.4417040358744395	423.39614303000633	7.5	7.5	3.123130541829271	3.123130541829271	1.9647950195604027	0.14037457292001432	0.27238889999836147
424.0-426.0 kDa	424.0	426.0	6	3.0	9.529834881365979	9.438791485398756	2.254255295849754	0.104969593109237	0.600896860986547	0.39910313901345296	424.876165046674	11.0	10.833333333333334	6.168845830034604	6.176861802446255	2.2448204850917115	0.10594734868018814	0.0513835999989567
426.0-428.0 kDa	426.0	428.0	3	1.5	7.829145378537292	7.6759286552497965	2.056883985079464	0.12797370534319427	0.5739910313901345	0.4260089686098655	426.4890979133402	9.0	9.333333333333334	3.6988860807738133	3.823958102812244	2.038089283580346	0.13027739637940358	0.06166610000008177
428.0-430.0 kDa	428.0	430.0	1	0.5	3.42191573664869	3.42191573664869	1.230200551160014	0.292233963943065	0.45964125560538116	0.5403587443946188	428.6009518800055	2.0	2.0	0.5235187890613773	0.5235187890613773	1.230200551160014	0.292233963943065	1.9974562999991008
430.0-432.0 kDa	430.0	432.0	3	1.5	4.029745637245263	3.686406614019067	1.3857392026593143	0.25202584538434314	0.47757847533632286	0.5224215246636772	431.14983058000666	3.0	3.3333333333333335	1.7868190732421914	1.7745822946929088	1.3046521662452695	0.2712668744129016	0.11547589999855745
432.0-434.0 kDa	432.0	434.0	2	1.0	5.204590105113317	5.204590105113317	1.64867434573921	0.19247139326155052	0.5134529147982063	0.4865470852017937	433.50057203000813	4.5	4.5	2.33809028680602	2.33809028680602	1.64867434573921	0.19247139326155052	0.5803275499988274
434.0-436.0 kDa	434.0	436.0	3	1.5	5.81196472379137	5.214272929345938	1.7452209669937826	0.1770060607005476	0.5269058295964125	0.4730941704035875	434.99533191333984	5.0	5.666666666666667	2.3827514267125047	2.3455831727119496	1.6513996596238683	0.19178129214755868	0.549001800000724
436.0-438.0 kDa	436.0	438.0	4	2.0	7.049678270251291	7.048983916774338	1.9529808969617026	0.14185075238729294	0.5538116591928252	0.44618834080717484	437.60176128000717	7.0	7.0	4.600120332416527	4.582029513324319	1.9528827615448874	0.1418646220550123	0.11191330000016819
438.0-440.0 kDa	438.0	440.0	3	1.5	7.4041556336081	7.285288485619011	2.0017332301674124	0.13514208451951645	0.5605381165919282	0.4394618834080718	438.9770682800067	7.0	6.666666666666667	3.763812769400653	3.553936784405865	1.9858570388108132	0.1372629240384889	0.41400150000112035
440.0-442.0 kDa	440.0	442.0	3	1.5	6.2185399695041985	6.134349332562866	1.827181924465734	0.1609224696930568	0.5358744394618834	0.4641255605381166	441.18061408000835	7.0	6.333333333333333	3.0195850090088614	3.0291944192205555	1.813904014276338	0.1630164742480048	0.21318760000008297
442.0-444.0 kDa	442.0	444.0	3	1.5	4.890338712726082	4.734950556299242	1.585793132469435	0.2050790761397657	0.5112107623318386	0.4887892376681614	442.9357052800055	5.0	5.333333333333333	2.5816574385572517	2.6654958812242397	1.5549712844080712	0.21119544715617544	0.040884599993887605
444.0-446.0 kDa	444.0	446.0	0	0.0					0.16031390134529147	0.8396860986547086								
446.0-448.0 kDa	446.0	448.0	2	1.0	2.2876270273015002	2.2876270273015002	0.8271947362092307	0.4374143233382043	0.40358744394618834	0.5964125560538116	446.5125250800089	2.0	2.0	0.9777202210515807	0.9777202210515807	0.8271947362092307	0.4374143233382043	0.43383659999727797
448.0-450.0 kDa	448.0	450.0	1	0.5	1.6557168826269877	1.6557168826269877	0.5042340767497256	0.6039679914439138	0.3744394618834081	0.6255605381165918	448.9257783800075	1.0	1.0	0.14626168313486398	0.14626168313486398	0.5042340767497256	0.6039679914439138	2.1963349999999195
450.0-452.0 kDa	450.0	452.0	1	0.5	2.8882659251094083	2.8882659251094083	1.0606562961230508	0.3462285073221295	0.4304932735426009	0.5695067264573991	451.65283888000926	3.0	3.0	0.9494059411926727	0.9494059411926727	1.0606562961230508	0.3462285073221295	1.022758999999553
452.0-454.0 kDa	452.0	454.0	2	1.0	2.8726588238387087	2.8726588238387087	1.0548488799086928	0.34838059276256217	0.4282511210762332	0.5717488789237668	452.90631053000885	3.0	3.0	1.3660688741724534	1.3660688741724534	1.0548488799086928	0.34838059276256217	0.4614253000000872
454.0-456.0 kDa	454.0	456.0	0	0.0					0.16031390134529147	0.8396860986547086								
456.0-458.0 kDa	456.0	458.0	1	0.5	2.975395899944517	2.975395899944517	1.0903771057554217	0.3360897284353478	0.4349775784753363	0.5650224215246638	456.3013708800094	2.0	2.0	0.48850591822281864	0.48850591822281864	1.0903771057554217	0.3360897284353478	1.798977199999797
458.0-460.0 kDa	458.0	460.0	4	2.0	5.264490100093812	5.278379787136762	1.660863048154172	0.18999805823542038	0.5179372197309418	0.48206278026905824	458.3876522050092	5.0	5.25	3.3464706648208646	3.299937125527431	1.6635708219236203	0.18947040293136017	0.09491659999994795
460.0-462.0 kDa	460.0	462.0	4	2.0	5.417434977491606	4.980471075546509	1.6774459665783088	0.18889839505987482	0.5201793721973094	0.47982062780269064	461.0831689550074	5.0	5.75	2.5768888073680163	2.513469700829033	1.605498239550383	0.20079475760410453	0.2883362499970019
462.0-464.0 kDa	462.0	464.0	1	0.5	4.4221587240928475	4.4221587240928475	1.4866279759776062	0.22613390029439479	0.49551569506726456	0.5044843049327354	462.93959278000943	5.0	5.0	1.2914382012264602	1.2914382012264602	1.4866279759776062	0.22613390029439479	1.1539387000070178
464.0-466.0 kDa	464.0	466.0	1	0.5	4.1182648556259425	4.1182648556259425	1.4154319231051133	0.24282071092001395	0.48654708520179374	0.5134529147982063	464.5734185800096	4.0	4.0	0.9687028954226282	0.9687028954226282	1.4154319231051133	0.24282071092001395	1.5578927999982852
466.0-468.0 kDa	466.0	468.0	4	2.0	4.846392664798606	4.839648821698775	1.5782066000452715	0.20635059770582542	0.5067264573991032	0.49327354260089684	466.64165923000826	5.0	5.0	2.545165352544219	2.504853273023226	1.576842157148982	0.20662656397923373	0.26253020000177685
468.0-470.0 kDa	468.0	470.0	1	0.5	3.10303958150901	3.10303958150901	1.1323821412691963	0.3222646613852406	0.44170403587443946	0.5582959641255605	468.6300595800093	3.0	3.0	0.7854472970940094	0.7854472970940094	1.1323821412691963	0.3222646613852406	1.2246794000000705
470.0-472.0 kDa	470.0	472.0	1	0.5	1.9741369589015338	1.9741369589015338	0.6801313200135962	0.5065504677833642	0.39461883408071746	0.6053811659192825	471.9511716800092	2.0	2.0	0.5574517171772695	0.5574517171772695	0.6801313200135962	0.5065504677833642	1.0924982000019554
472.0-474.0 kDa	472.0	474.0	1	0.5	2.3348223785450326	2.3348223785450326	0.8479358190818602	0.42829810489616765	0.4080717488789238	0.5919282511210762	473.0436698800112	2.0	2.0	0.6311879468351678	0.6311879468351678	0.8479358190818602	0.42829810489616765	1.0924982000019554
474.0-476.0 kDa	474.0	476.0	2	1.0	2.5144910869283783	2.5144910869283783	0.9220323856315427	0.397725050901558	0.4170403587443946	0.5829596412556054	475.5882239800087	2.0	2.0	1.0982479471450954	1.0982479471450954	0.9220323856315427	0.397725050901558	0.19620219999939081
476.0-478.0 kDa	476.0	478.0	1	0.5	3.723429029317621	3.723429029317621	1.3146450257794815	0.26856964161964064	0.4641255605381166	0.5358744394618834	477.9228435800094	3.0	3.0	1.2991894993189357	1.2991894993189357	1.3146450257794815	0.26856964161964064	0.8068492999985324
478.0-480.0 kDa	478.0	480.0	2	1.0	4.111408421038312	4.111408421038312	1.412268706150709	0.24395493558362075	0.484304932735426	0.5156950672645739	479.00648038000884	4.0	4.0	1.8721223475661126	1.8721223475661126	1.412268706150709	0.24395493558362075	0.5535750000018425
480.0-482.0 kDa	480.0	482.0	2	1.0	7.062987471092926	7.062987471092926	1.9500358908426336	0.14295810479069188	0.5560538116591929	0.4439461883408071	481.02653143000873	6.5	6.5	2.8408436770096683	2.8408436770096683	1.9500358908426336	0.14295810479069188	0.8336260999987815
482.0-484.0 kDa	482.0	484.0	6	3.0	8.065386913805336	8.086360780664467	2.0873217111819886	0.12405141050662827	0.57847533632287	0.42152466367713004	482.8067615633408	8.0	8.333333333333334	5.048904415387439	4.902071854371074	2.0901123022532206	0.12368146905503026	0.09104880000791127
484.0-486.0 kDa	484.0	486.0	2	1.0	6.7173990767574905	6.7173990767574905	1.8983188683229781	0.15077951132557948	0.5448430493273543	0.4551569506726457	484.65131628000904	6.5	6.5	2.502096707703064	2.502096707703064	1.8983188683229781	0.15077951132557948	0.7252610000005575
486.0-488.0 kDa	486.0	488.0	3	1.5	4.423469688249739	4.365907280778655	1.4863652415924404	0.2263184025234237	0.4977578475336323	0.5022421524663677	487.196589713342	5.0	4.666666666666667	2.3905427540107356	2.339268292955167	1.473826021250546	0.2290474661252199	0.279722500000787
488.0-490.0 kDa	488.0	490.0	1	0.5	3.820361208994977	3.820361208994977	1.3403449754767494	0.26175535382505627	0.47085201793721976	0.5291479820627802	488.5405102800093	4.0	4.0	1.3098135586665154	1.3098135586665154	1.3403449754767494	0.26175535382505627	0.9899597999999514
490.0-492.0 kDa	490.0	492.0	2	1.0	3.386162897325847	3.386162897325847	1.2196696726952592	0.29533589190059284	0.45739910313901344	0.5426008968609866	491.36026338000926	3.0	3.0	1.5884991968675852	1.5884991968675852	1.2196696726952592	0.29533589190059284	0.07107880000000932
492.0-494.0 kDa	492.0	494.0	2	1.0	3.3192868704377787	3.3192868704377787	1.1903417490295225	0.3069920166090131	0.452914798206278	0.547085201793722	493.02096328000823	3.0	3.0	1.298771474202944	1.298771474202944	1.1903417490295225	0.3069920166090131	0.7979956000000357
494.0-496.0 kDa	494.0	496.0	0	0.0					0.16031390134529147	0.8396860986547086								
496.0-498.0 kDa	496.0	498.0	0	0.0					0.16031390134529147	0.8396860986547086								
498.0-500.0 kDa	498.0	500.0	2	1.0	2.139350772386553	2.139350772386553	0.754184192017556	0.4733756695142084	0.4013452914798206	0.5986547085201794	499.1175886800107	2.0	2.0	0.5253012266326579	0.5253012266326579	0.754184192017556	0.4733756695142084	1.2554008000013823
500.0-502.0 kDa	500.0	502.0	1	0.5	2.329332095262063	2.329332095262063	0.845581572090421	0.4293076122696426	0.40582959641255606	0.594170403587444	501.7494811800104	2.0	2.0	0.4564425013864537	0.4564425013864537	0.845581572090421	0.4293076122696426	1.524747000001014
502.0-504.0 kDa	502.0	504.0	1	0.5	2.6532992540203493	2.6532992540203493	0.9758038671435176	0.376889262861991	0.42152466367713004	0.57847533632287	503.2742281800114	3.0	3.0	0.5636367348035161	0.5636367348035161	0.9758038671435176	0.376889262861991	1.524747000001014
504.0-506.0 kDa	504.0	506.0	2	1.0	3.2878132054536966	3.2878132054536966	1.1891811841024427	0.30478773251976843	0.4484304932735426	0.5515695067264574	505.44878353001127	3.0	3.0	1.1525450432525453	1.1525450432525453	1.1891811841024427	0.30478773251976843	0.8347242999986406
506.0-508.0 kDa	506.0	508.0	1	0.5	4.633455602022528	4.633455602022528	1.5333029400460805	0.21582164282819385	0.5	0.5	507.1215390800106	4.0	4.0	1.4100518587021842	1.4100518587021842	1.5333029400460805	0.21582164282819385	1.1679147999985844
508.0-510.0 kDa	508.0	510.0	3	1.5	4.783289526431884	4.763594240696381	1.5650700703306153	0.20908553336738792	0.5044843049327354	0.49551569506726456	508.79813451334365	5.0	4.666666666666667	2.453516518775728	2.4023722207553564	1.5610024758876253	0.20992552040994403	0.37748430000061717
510.0-512.0 kDa	510.0	512.0	2	1.0	3.7733149621630906	3.7733149621630906	1.3080439637045749	0.27578491460052257	0.4663677130044843	0.5336322869955157	510.7695031800114	3.5	3.5	1.201424545210697	1.201424545210697	1.3080439637045749	0.27578491460052257	1.0944111500003828
512.0-514.0 kDa	512.0	514.0	1	0.5	6.259869169544944	6.259869169544944	1.834159285459896	0.15974774758314864	0.5381165919282511	0.4618834080717489	513.8795094800096	6.0	6.0	2.516026501921706	2.516026501921706	1.834159285459896	0.15974774758314864	0.2097034999957259
514.0-516.0 kDa	514.0	516.0	5	2.5	8.981264635444118	9.308036662480323	2.186438384671245	0.1134119479531134	0.594170403587444	0.405829596412556	515.1556517800087	9.0	8.6	5.622568888836938	5.182439074323952	2.2308781842462464	0.10743404181366094	0.2271069999995916
516.0-518.0 kDa	516.0	518.0	4	2.0	11.316666233274843	11.295034914935819	2.4246872819697853	0.0886464499467564	0.6300448430493274	0.3699551569506726	516.6032689300102	11.5	11.5	6.0713771878497464	6.07256371868552	2.4231973469068473	0.0887411607550089	0.20837135000203943
518.0-520.0 kDa	518.0	520.0	8	4.0	10.563841215750111	10.531747416544581	2.3562932091267994	0.09487975437479824	0.6210762331838565	0.3789237668161435	518.7081249550107	10.0	10.625	6.491672187570012	6.113074620625439	2.354186413168994	0.09499048336837067	0.12037829999610494
520.0-522.0 kDa	520.0	522.0	3	1.5	6.356327802589941	5.418040865782169	1.82657103045915	0.16434212003513676	0.5403587443946188	0.45964125560538116	521.437410880012	5.0	5.666666666666667	2.880210662657704	2.9592348669668596	1.689734286229912	0.18456855988583176	0.07891440000150851
522.0-524.0 kDa	522.0	524.0	2	1.0	4.061279359475631	4.061279359475631	1.3755813873371316	0.2593271887478247	0.4798206278026906	0.5201793721973094	522.9640374300111	4.0	4.0	1.589932091430136	1.589932091430136	1.3755813873371316	0.2593271887478247	0.9777595999992741
524.0-526.0 kDa	524.0	526.0	0	0.0					0.16031390134529147	0.8396860986547086								
526.0-528.0 kDa	526.0	528.0	3	1.5	4.316522334473475	4.383717058052309	1.461519460426996	0.232102783352356	0.49327354260089684	0.5067264573991032	526.8162546466797	4.0	4.333333333333333	2.5483733768187107	2.4253720017922427	1.4778970078850904	0.22811691237305842	0.12911549999989802
528.0-530.0 kDa	528.0	530.0	2	1.0	4.871849995015696	4.871849995015696	1.5828837767853936	0.2055031713432695	0.5089686098654709	0.4910313901345291	528.5118444300102	4.5	4.5	1.7963908037959357	1.7963908037959357	1.5828837767853936	0.2055031713432695	0.8585771000027762
530.0-532.0 kDa	530.0	532.0	2	1.0	4.093343530136229	4.093343530136229	1.409017685750986	0.2444674161132529	0.4820627802690583	0.5179372197309418	530.7557762800102	3.5	3.5	1.551813707046728	1.551813707046728	1.409017685750986	0.2444674161132529	0.5661978000039198
532.0-534.0 kDa	532.0	534.0	3	1.5	6.486098342518448	6.577928852463562	1.8657696079270192	0.15539117409037595	0.5426008968609866	0.45739910313901344	532.9707634466773	6.0	6.666666666666667	2.9205222532300037	2.824961903672662	1.883719931725332	0.15202353543630692	0.47914840000271397
534.0-536.0 kDa	534.0	536.0	5	2.5	6.919647738147786	6.835360323961238	1.9334365131118845	0.14478252051457244	0.5493273542600897	0.4506726457399103	534.9299855400114	7.0	7.2	3.9847550020761515	3.88660696785402	1.922109186264265	0.14629806661318456	0.27385540000136643
536.0-538.0 kDa	536.0	538.0	2	1.0	3.2566239504080903	3.2566239504080903	1.1803841199678775	0.3072550239910207	0.4461883408071749	0.553811659192825	537.4835431800084	3.0	3.0	1.318700435517876	1.318700435517876	1.1803841199678775	0.3072550239910207	0.08403659999589763
538.0-540.0 kDa	538.0	540.0	0	0.0					0.16031390134529147	0.8396860986547086								
540.0-542.0 kDa	540.0	542.0	4	2.0	7.77119818128565	7.99842163739407	2.047707307198217	0.12939802191166472	0.5717488789237668	0.4282511210762332	541.3939903800115	8.5	8.25	5.317954744182936	4.852899530992777	2.079001739256496	0.1250853153585576	0.18969400000003134
542.0-544.0 kDa	542.0	544.0	5	2.5	8.179604210380674	8.56173238770967	2.099444646648633	0.12280525638663434	0.5807174887892377	0.4192825112107623	542.7199479400106	9.0	8.8	5.724239025844618	4.789100855376357	2.1473025514190125	0.11679879196358621	0.0608203999985335
544.0-546.0 kDa	544.0	546.0	1	0.5	2.8295217584028203	2.8295217584028203	1.0401077074110656	0.3534166143201775	0.4260089686098655	0.5739910313901345	545.1058446800131	3.0	3.0	0.5628072768419763	0.5628072768419763	1.0401077074110656	0.3534166143201775	1.5130445999990343
546.0-548.0 kDa	546.0	548.0	0	0.0					0.16031390134529147	0.8396860986547086								
548.0-550.0 kDa	548.0	550.0	0	0.0					0.16031390134529147	0.8396860986547086								
550.0-552.0 kDa	550.0	552.0	5	2.5	5.589189065924451	5.712538916140038	1.7195254214408586	0.17939429919324623	0.5224215246636771	0.4775784753363229	551.1417971000092	6.0	6.0	3.57084851907159	3.323051866380814	1.7426635686505167	0.17505351205129294	0.3646944999989046
552.0-554.0 kDa	552.0	554.0	1	0.5	5.250313503494752	5.250313503494752	1.658287789772047	0.1904648168789107	0.515695067264574	0.48430493273542596	552.3192170800108	6.0	6.0	2.6566040074608894	2.6566040074608894	1.658287789772047	0.1904648168789107	0.5276449000045886
554.0-556.0 kDa	554.0	556.0	1	0.5	1.5741879450912248	1.5741879450912248	0.45373954889688206	0.6352481627865912	0.3721973094170404	0.6278026905829597	554.9962525800064	1.0	1.0	0.1276702189901997	0.1276702189901997	0.45373954889688206	0.6352481627865912	2.2044720000018287
556.0-558.0 kDa	556.0	558.0	1	0.5	1.9242106573821518	1.9242106573821518	0.6545158355338632	0.5196936188683619	0.3901345291479821	0.6098654708520179	557.2007245800082	2.0	2.0	0.2535248040368867	0.2535248040368867	0.6545158355338632	0.5196936188683619	1.9159663999982968
558.0-560.0 kDa	558.0	560.0	1	0.5	2.4058937348220586	2.4058937348220586	0.877921449836484	0.415645955399589	0.4125560538116592	0.5874439461883407	559.1166909800065	3.0	3.0	0.5968423403340046	0.5968423403340046	0.877921449836484	0.415645955399589	1.2861798999983876
560.0-562.0 kDa	560.0	562.0	1	0.5	1.893816011502482	1.893816011502482	0.638593847227098	0.5280343992902657	0.38789237668161436	0.6121076233183856	560.4028708800049	2.0	2.0	0.4432379274692342	0.4432379274692342	0.638593847227098	0.5280343992902657	1.2861798999983876
562.0-564.0 kDa	562.0	564.0	0	0.0					0.16031390134529147	0.8396860986547086								
564.0-566.0 kDa	564.0	566.0	4	2.0	3.8078930819623453	3.790147270393361	1.3367101708218967	0.2628038931544998	0.46860986547085204	0.531390134529148	565.3932251550109	4.0	4.0	2.1395434039587666	2.0649757879325743	1.3323821227168513	0.2638539972679991	0.33508665000198334
566.0-568.0 kDa	566.0	568.0	0	0.0					0.16031390134529147	0.8396860986547086								
568.0-570.0 kDa	568.0	570.0	0	0.0					0.16031390134529147	0.8396860986547086								
570.0-572.0 kDa	570.0	572.0	2	1.0	2.0027024004595306	2.0027024004595306	0.6944533979890755	0.4993693247470388	0.3968609865470852	0.6031390134529149	570.4722693800086	2.0	2.0	0.7545522463351398	0.7545522463351398	0.6944533979890755	0.4993693247470388	0.7562662000004821
572.0-574.0 kDa	572.0	574.0	0	0.0					0.16031390134529147	0.8396860986547086								
574.0-576.0 kDa	574.0	576.0	3	1.5	3.313645680048284	3.55981178920211	1.190865221669444	0.3062776666539953	0.45067264573991034	0.5493273542600896	574.9604353466747	4.0	3.6666666666666665	1.5280388061913124	1.329325325267262	1.269707675264712	0.28091372780810364	0.8881940000013628
576.0-578.0 kDa	576.0	578.0	1	0.5	3.0719702228087695	3.0719702228087695	1.1223191221423436	0.3255239886686396	0.43946188340807174	0.5605381165919283	576.6376758800074	3.0	3.0	1.0832641393834535	1.0832641393834535	1.1223191221423436	0.3255239886686396	0.7302861999992274
578.0-580.0 kDa	578.0	580.0	1	0.5	1.2539947769202917	1.2539947769202917	0.22633427706672127	0.7974514873625853	0.3654708520179372	0.6345291479820627	579.0877297800081	1.0	1.0	0.056081140258224416	0.056081140258224416	0.22633427706672127	0.7974514873625853	2.4500539000007393
580.0-582.0 kDa	580.0	582.0	0	0.0					0.16031390134529147	0.8396860986547086								
582.0-584.0 kDa	582.0	584.0	0	0.0					0.16031390134529147	0.8396860986547086								
584.0-586.0 kDa	584.0	586.0	0	0.0					0.16031390134529147	0.8396860986547086								
586.0-588.0 kDa	586.0	588.0	0	0.0					0.16031390134529147	0.8396860986547086								
588.0-590.0 kDa	588.0	590.0	1	0.5	1.0	1.0	0.0	1.0	0.33408071748878926	0.6659192825112108	588.9201291800085	1.0	1.0	0.0	0.0	-0.0	1.0	4.096165100013309
590.0-592.0 kDa	590.0	592.0	0	0.0					0.16031390134529147	0.8396860986547086								
592.0-594.0 kDa	592.0	594.0	1	0.5	1.8463368823553965	1.8463368823553965	0.61320361258108	0.5416129686605657	0.3845291479820628	0.6154708520179373	593.0162942800218	2.0	2.0	0.4342729236498164	0.4342729236498164	0.61320361258108	0.5416129686605657	1.291574299986678
594.0-596.0 kDa	594.0	596.0	1	0.5	1.8463368823553965	1.8463368823553965	0.61320361258108	0.5416129686605657	0.3845291479820628	0.6154708520179373	594.3078685800085	2.0	2.0	0.4342729236498164	0.4342729236498164	0.61320361258108	0.5416129686605657	1.291574299986678
596.0-598.0 kDa	596.0	598.0	0	0.0					0.16031390134529147	0.8396860986547086								
598.0-600.0 kDa	598.0	600.0	1	0.5	1.7552759385324954	1.7552759385324954	0.5626260744915446	0.5697109941790995	0.3811659192825112	0.6188340807174888	599.2315905800082	2.0	2.0	0.30915007046593956	0.30915007046593956	0.5626260744915446	0.5697109941790995	1.5405623000103787
600.0-602.0 kDa	600.0	602.0	1	0.5	2.569347175423761	2.569347175423761	0.9436518492944181	0.38920392291285844	0.4192825112107623	0.5807174887892377	600.7721528800186	3.0	3.0	0.5368091081154154	0.5368091081154154	0.9436518492944181	0.38920392291285844	1.5405623000103787
602.0-604.0 kDa	602.0	604.0	2	1.0	2.3617429282291966	2.3617429282291966	0.8541786582903457	0.4278607695082259	0.4103139013452915	0.5896860986547086	602.9922219800051	2.5	2.5	0.8075195575161019	0.8075195575161019	0.8541786582903457	0.4278607695082259	0.8618429999993396
604.0-606.0 kDa	604.0	606.0	0	0.0					0.16031390134529147	0.8396860986547086								
606.0-608.0 kDa	606.0	608.0	0	0.0					0.16031390134529147	0.8396860986547086								
608.0-610.0 kDa	608.0	610.0	0	0.0					0.16031390134529147	0.8396860986547086								
610.0-612.0 kDa	610.0	612.0	0	0.0					0.16031390134529147	0.8396860986547086								
612.0-614.0 kDa	612.0	614.0	1	0.5	1.0	1.0	0.0	1.0	0.33408071748878926	0.6659192825112108	612.6314856800075	1.0	1.0	0.0	0.0	-0.0	1.0	6.352006199998641
614.0-616.0 kDa	614.0	616.0	0	0.0					0.16031390134529147	0.8396860986547086								
616.0-618.0 kDa	616.0	618.0	0	0.0					0.16031390134529147	0.8396860986547086								
618.0-620.0 kDa	618.0	620.0	1	0.5	1.0	1.0	0.0	1.0	0.33408071748878926	0.6659192825112108	618.9834918800061	1.0	1.0	0.0	0.0	-0.0	1.0	6.352006199998641
620.0-622.0 kDa	620.0	622.0	0	0.0					0.16031390134529147	0.8396860986547086								
622.0-624.0 kDa	622.0	624.0	0	0.0					0.16031390134529147	0.8396860986547086								
624.0-626.0 kDa	624.0	626.0	0	0.0					0.16031390134529147	0.8396860986547086								
626.0-628.0 kDa	626.0	628.0	1	0.5	1.0164946969830064	1.0164946969830064	0.01636013713513156	0.9837729630740196	0.3576233183856502	0.6423766816143498	626.9250264800028	1.0	1.0	0.0023203052100619903	0.0023203052100619903	0.01636013713513156	0.9837729630740196	3.4831182999994326
628.0-630.0 kDa	628.0	630.0	0	0.0					0.16031390134529147	0.8396860986547086								
630.0-632.0 kDa	630.0	632.0	1	0.5	1.0164946969830064	1.0164946969830064	0.01636013713513156	0.9837729630740196	0.3576233183856502	0.6423766816143498	630.4081447800022	1.0	1.0	0.0023203052100619903	0.0023203052100619903	0.01636013713513156	0.9837729630740196	3.4831182999994326
632.0-634.0 kDa	632.0	634.0	0	0.0					0.16031390134529147	0.8396860986547086								
634.0-636.0 kDa	634.0	636.0	0	0.0					0.16031390134529147	0.8396860986547086								
636.0-638.0 kDa	636.0	638.0	1	0.5	1.4194296447371229	1.4194296447371229	0.3502551322909041	0.70450832396501	0.3688340807174888	0.6311659192825112	636.1799709800022	1.0	1.0	0.12586822734486414	0.12586822734486414	0.3502551322909041	0.70450832396501	2.0359370000074932
638.0-640.0 kDa	638.0	640.0	1	0.5	1.4194296447371229	1.4194296447371229	0.3502551322909041	0.70450832396501	0.3688340807174888	0.6311659192825112	638.2159079800097	1.0	1.0	0.12586822734486414	0.12586822734486414	0.3502551322909041	0.70450832396501	2.0359370000074932
640.0-642.0 kDa	640.0	642.0	0	0.0					0.16031390134529147	0.8396860986547086								
642.0-644.0 kDa	642.0	644.0	0	0.0					0.16031390134529147	0.8396860986547086								
644.0-646.0 kDa	644.0	646.0	0	0.0					0.16031390134529147	0.8396860986547086								
646.0-648.0 kDa	646.0	648.0	0	0.0					0.16031390134529147	0.8396860986547086								
648.0-650.0 kDa	648.0	650.0	0	0.0					0.16031390134529147	0.8396860986547086								
650.0-652.0 kDa	650.0	652.0	0	0.0					0.16031390134529147	0.8396860986547086								
652.0-654.0 kDa	652.0	654.0	0	0.0					0.16031390134529147	0.8396860986547086								
654.0-656.0 kDa	654.0	656.0	0	0.0					0.16031390134529147	0.8396860986547086								
656.0-658.0 kDa	656.0	658.0	0	0.0					0.16031390134529147	0.8396860986547086								
658.0-660.0 kDa	658.0	660.0	0	0.0					0.16031390134529147	0.8396860986547086								
660.0-662.0 kDa	660.0	662.0	0	0.0					0.16031390134529147	0.8396860986547086								
662.0-664.0 kDa	662.0	664.0	0	0.0					0.16031390134529147	0.8396860986547086								
664.0-666.0 kDa	664.0	666.0	0	0.0					0.16031390134529147	0.8396860986547086								
666.0-668.0 kDa	666.0	668.0	0	0.0					0.16031390134529147	0.8396860986547086								
668.0-670.0 kDa	668.0	670.0	1	0.5	1.0	1.0	0.0	1.0	0.33408071748878926	0.6659192825112108	668.4400571800036	1.0	1.0	0.0	0.0	-0.0	1.0	21.256710100005876
670.0-672.0 kDa	670.0	672.0	0	0.0					0.16031390134529147	0.8396860986547086								
672.0-674.0 kDa	672.0	674.0	0	0.0					0.16031390134529147	0.8396860986547086								
674.0-676.0 kDa	674.0	676.0	0	0.0					0.16031390134529147	0.8396860986547086								
676.0-678.0 kDa	676.0	678.0	0	0.0					0.16031390134529147	0.8396860986547086								
678.0-680.0 kDa	678.0	680.0	0	0.0					0.16031390134529147	0.8396860986547086								
680.0-682.0 kDa	680.0	682.0	0	0.0					0.16031390134529147	0.8396860986547086								
682.0-684.0 kDa	682.0	684.0	0	0.0					0.16031390134529147	0.8396860986547086								
684.0-686.0 kDa	684.0	686.0	0	0.0					0.16031390134529147	0.8396860986547086								
686.0-688.0 kDa	686.0	688.0	0	0.0					0.16031390134529147	0.8396860986547086								
688.0-690.0 kDa	688.0	690.0	1	0.5	1.0	1.0	0.0	1.0	0.33408071748878926	0.6659192825112108	689.6967672800095	1.0	1.0	0.0	0.0	-0.0	1.0	21.256710100005876
690.0-692.0 kDa	690.0	692.0	0	0.0					0.16031390134529147	0.8396860986547086								
692.0-694.0 kDa	692.0	694.0	0	0.0					0.16031390134529147	0.8396860986547086								
694.0-696.0 kDa	694.0	696.0	0	0.0					0.16031390134529147	0.8396860986547086								
696.0-698.0 kDa	696.0	698.0	0	0.0					0.16031390134529147	0.8396860986547086								
698.0-700.0 kDa	698.0	700.0	0	0.0					0.16031390134529147	0.8396860986547086								
700.0-702.0 kDa	700.0	702.0	0	0.0					0.16031390134529147	0.8396860986547086								
702.0-704.0 kDa	702.0	704.0	0	0.0					0.16031390134529147	0.8396860986547086								
704.0-706.0 kDa	704.0	706.0	0	0.0					0.16031390134529147	0.8396860986547086								
706.0-708.0 kDa	706.0	708.0	0	0.0					0.16031390134529147	0.8396860986547086								
708.0-710.0 kDa	708.0	710.0	0	0.0					0.16031390134529147	0.8396860986547086								
710.0-712.0 kDa	710.0	712.0	0	0.0					0.16031390134529147	0.8396860986547086								
712.0-714.0 kDa	712.0	714.0	0	0.0					0.16031390134529147	0.8396860986547086								
714.0-716.0 kDa	714.0	716.0	0	0.0					0.16031390134529147	0.8396860986547086								
716.0-718.0 kDa	716.0	718.0	0	0.0					0.16031390134529147	0.8396860986547086								
718.0-720.0 kDa	718.0	720.0	0	0.0					0.16031390134529147	0.8396860986547086								
720.0-722.0 kDa	720.0	722.0	0	0.0					0.16031390134529147	0.8396860986547086								
722.0-724.0 kDa	722.0	724.0	0	0.0					0.16031390134529147	0.8396860986547086								
724.0-726.0 kDa	724.0	726.0	0	0.0					0.16031390134529147	0.8396860986547086								
726.0-728.0 kDa	726.0	728.0	0	0.0					0.16031390134529147	0.8396860986547086								
728.0-730.0 kDa	728.0	730.0	0	0.0					0.16031390134529147	0.8396860986547086								
730.0-732.0 kDa	730.0	732.0	0	0.0					0.16031390134529147	0.8396860986547086								
732.0-734.0 kDa	732.0	734.0	0	0.0					0.16031390134529147	0.8396860986547086								
734.0-736.0 kDa	734.0	736.0	0	0.0					0.16031390134529147	0.8396860986547086								
736.0-738.0 kDa	736.0	738.0	0	0.0					0.16031390134529147	0.8396860986547086								
738.0-740.0 kDa	738.0	740.0	0	0.0					0.16031390134529147	0.8396860986547086								
740.0-742.0 kDa	740.0	742.0	0	0.0					0.16031390134529147	0.8396860986547086								
742.0-744.0 kDa	742.0	744.0	0	0.0					0.16031390134529147	0.8396860986547086								
744.0-746.0 kDa	744.0	746.0	0	0.0					0.16031390134529147	0.8396860986547086								
746.0-748.0 kDa	746.0	748.0	0	0.0					0.16031390134529147	0.8396860986547086								
748.0-750.0 kDa	748.0	750.0	0	0.0					0.16031390134529147	0.8396860986547086								
750.0-752.0 kDa	750.0	752.0	0	0.0					0.16031390134529147	0.8396860986547086								
752.0-754.0 kDa	752.0	754.0	0	0.0					0.16031390134529147	0.8396860986547086								
754.0-756.0 kDa	754.0	756.0	0	0.0					0.16031390134529147	0.8396860986547086								
756.0-758.0 kDa	756.0	758.0	0	0.0					0.16031390134529147	0.8396860986547086								
758.0-760.0 kDa	758.0	760.0	0	0.0					0.16031390134529147	0.8396860986547086								
760.0-762.0 kDa	760.0	762.0	1	0.5	1.0	1.0	0.0	1.0	0.33408071748878926	0.6659192825112108	760.5891786799948	1.0	1.0	0.0	0.0	-0.0	1.0	12.808073900002569
762.0-764.0 kDa	762.0	764.0	0	0.0					0.16031390134529147	0.8396860986547086								
764.0-766.0 kDa	764.0	766.0	0	0.0					0.16031390134529147	0.8396860986547086								
766.0-768.0 kDa	766.0	768.0	0	0.0					0.16031390134529147	0.8396860986547086								
768.0-770.0 kDa	768.0	770.0	0	0.0					0.16031390134529147	0.8396860986547086								
770.0-772.0 kDa	770.0	772.0	0	0.0					0.16031390134529147	0.8396860986547086								
772.0-774.0 kDa	772.0	774.0	1	0.5	1.0	1.0	0.0	1.0	0.33408071748878926	0.6659192825112108	773.3972525799974	1.0	1.0	0.0	0.0	-0.0	1.0	12.808073900002569
774.0-776.0 kDa	774.0	776.0	0	0.0					0.16031390134529147	0.8396860986547086								
776.0-778.0 kDa	776.0	778.0	0	0.0					0.16031390134529147	0.8396860986547086								
778.0-780.0 kDa	778.0	780.0	0	0.0					0.16031390134529147	0.8396860986547086								
780.0-782.0 kDa	780.0	782.0	0	0.0					0.16031390134529147	0.8396860986547086								
782.0-784.0 kDa	782.0	784.0	0	0.0					0.16031390134529147	0.8396860986547086								
784.0-786.0 kDa	784.0	786.0	0	0.0					0.16031390134529147	0.8396860986547086								
786.0-788.0 kDa	786.0	788.0	0	0.0					0.16031390134529147	0.8396860986547086								
788.0-790.0 kDa	788.0	790.0	0	0.0					0.16031390134529147	0.8396860986547086								
790.0-792.0 kDa	790.0	792.0	0	0.0					0.16031390134529147	0.8396860986547086								
792.0-794.0 kDa	792.0	794.0	0	0.0					0.16031390134529147	0.8396860986547086								
794.0-796.0 kDa	794.0	796.0	1	0.5	1.1630224670965832	1.1630224670965832	0.1510221915757139	0.8598286174956197	0.36210762331838564	0.6378923766816144	795.3136213799933	1.0	1.0	0.03604554941490834	0.03604554941490834	0.1510221915757139	0.8598286174956197	2.577972799999884
796.0-798.0 kDa	796.0	798.0	1	0.5	1.1630224670965832	1.1630224670965832	0.1510221915757139	0.8598286174956197	0.36210762331838564	0.6378923766816144	797.8915941799931	1.0	1.0	0.03604554941490834	0.03604554941490834	0.1510221915757139	0.8598286174956197	2.577972799999884
798.0-800.0 kDa	798.0	800.0	0	0.0					0.16031390134529147	0.8396860986547086								
800.0-802.0 kDa	800.0	802.0	0	0.0					0.16031390134529147	0.8396860986547086								
802.0-804.0 kDa	802.0	804.0	0	0.0					0.16031390134529147	0.8396860986547086								
804.0-806.0 kDa	804.0	806.0	0	0.0					0.16031390134529147	0.8396860986547086								
806.0-808.0 kDa	806.0	808.0	0	0.0					0.16031390134529147	0.8396860986547086								
808.0-810.0 kDa	808.0	810.0	0	0.0					0.16031390134529147	0.8396860986547086								
810.0-812.0 kDa	810.0	812.0	0	0.0					0.16031390134529147	0.8396860986547086								
812.0-814.0 kDa	812.0	814.0	0	0.0					0.16031390134529147	0.8396860986547086								
814.0-816.0 kDa	814.0	816.0	0	0.0					0.16031390134529147	0.8396860986547086								
816.0-818.0 kDa	816.0	818.0	1	0.5	1.0	1.0	0.0	1.0	0.33408071748878926	0.6659192825112108	817.1071585799946	1.0	1.0	0.0	0.0	-0.0	1.0	14.989423299996815
818.0-820.0 kDa	818.0	820.0	0	0.0					0.16031390134529147	0.8396860986547086								
820.0-822.0 kDa	820.0	822.0	0	0.0					0.16031390134529147	0.8396860986547086								
822.0-824.0 kDa	822.0	824.0	0	0.0					0.16031390134529147	0.8396860986547086								
824.0-826.0 kDa	824.0	826.0	0	0.0					0.16031390134529147	0.8396860986547086								
826.0-828.0 kDa	826.0	828.0	0	0.0					0.16031390134529147	0.8396860986547086								
828.0-830.0 kDa	828.0	830.0	0	0.0					0.16031390134529147	0.8396860986547086								
830.0-832.0 kDa	830.0	832.0	0	0.0					0.16031390134529147	0.8396860986547086								
832.0-834.0 kDa	832.0	834.0	1	0.5	1.0	1.0	0.0	1.0	0.33408071748878926	0.6659192825112108	832.0965818799914	1.0	1.0	0.0	0.0	-0.0	1.0	4.951593099999741
834.0-836.0 kDa	834.0	836.0	0	0.0					0.16031390134529147	0.8396860986547086								
836.0-838.0 kDa	836.0	838.0	1	0.5	2.4481324042416226	2.4481324042416226	0.8953254498874561	0.4084746389808839	0.4147982062780269	0.5852017937219731	837.0481749799911	2.0	2.0	0.6132647445349502	0.6132647445349502	0.8953254498874561	0.4084746389808839	1.208619800000065
838.0-840.0 kDa	838.0	840.0	3	1.5	3.9220250375080687	3.860538587328754	1.3655229508436797	0.2555205145724915	0.47533632286995514	0.5246636771300448	839.1096575799911	4.0	4.0	1.7326408340568764	1.6685182263761054	1.3508067041393295	0.25903121478496505	0.8171932000000197
840.0-842.0 kDa	840.0	842.0	1	0.5	2.9879012058786896	2.9879012058786896	1.0945712030956738	0.3346830872561991	0.437219730941704	0.5627802690582959	840.684101179991	3.0	3.0	1.1124598531745358	1.1124598531745358	1.0945712030956738	0.3346830872561991	0.7394156000000294
842.0-844.0 kDa	842.0	844.0	0	0.0					0.16031390134529147	0.8396860986547086								
844.0-846.0 kDa	844.0	846.0	0	0.0					0.16031390134529147	0.8396860986547086								
846.0-848.0 kDa	846.0	848.0	0	0.0					0.16031390134529147	0.8396860986547086								
848.0-850.0 kDa	848.0	850.0	0	0.0					0.16031390134529147	0.8396860986547086								
850.0-852.0 kDa	850.0	852.0	1	0.5	1.0	1.0	0.0	1.0	0.33408071748878926	0.6659192825112108	850.9357967799907	1.0	1.0	0.0	0.0	-0.0	1.0	4.279295000000161
852.0-854.0 kDa	852.0	854.0	0	0.0					0.16031390134529147	0.8396860986547086								
854.0-856.0 kDa	854.0	856.0	1	0.5	1.0040469813819275	1.0040469813819275	0.004038814379829832	0.9959693306618408	0.34977578475336324	0.6502242152466368	855.2150917799909	1.0	1.0	0.0004659674601916741	0.0004659674601916741	0.004038814379829832	0.9959693306618408	3.916987300002802
856.0-858.0 kDa	856.0	858.0	0	0.0					0.16031390134529147	0.8396860986547086								
858.0-860.0 kDa	858.0	860.0	1	0.5	1.0137608750470515	1.0137608750470515	0.013667053933276593	0.9864259162236728	0.3542600896860987	0.6457399103139013	859.1320790799937	1.0	1.0	0.0017223664987904286	0.0017223664987904286	0.013667053933276593	0.9864259162236728	3.654998100000398
860.0-862.0 kDa	860.0	862.0	0	0.0					0.16031390134529147	0.8396860986547086								
862.0-864.0 kDa	862.0	864.0	1	0.5	1.009683791550892	1.009683791550892	0.009637204161738107	0.9904090848719899	0.35201793721973096	0.647982062780269	862.7870771799941	1.0	1.0	0.0012563990385987545	0.0012563990385987545	0.009637204161738107	0.9904090848719899	3.654998100000398
864.0-866.0 kDa	864.0	866.0	0	0.0					0.16031390134529147	0.8396860986547086								
866.0-868.0 kDa	866.0	868.0	0	0.0					0.16031390134529147	0.8396860986547086								
868.0-870.0 kDa	868.0	870.0	0	0.0					0.16031390134529147	0.8396860986547086								
870.0-872.0 kDa	870.0	872.0	0	0.0					0.16031390134529147	0.8396860986547086								
872.0-874.0 kDa	872.0	874.0	0	0.0					0.16031390134529147	0.8396860986547086								
874.0-876.0 kDa	874.0	876.0	0	0.0					0.16031390134529147	0.8396860986547086								
876.0-878.0 kDa	876.0	878.0	0	0.0					0.16031390134529147	0.8396860986547086								
878.0-880.0 kDa	878.0	880.0	0	0.0					0.16031390134529147	0.8396860986547086								
880.0-882.0 kDa	880.0	882.0	0	0.0					0.16031390134529147	0.8396860986547086								
882.0-884.0 kDa	882.0	884.0	1	0.5	1.0	1.0	0.0	1.0	0.33408071748878926	0.6659192825112108	883.6087036799933	1.0	1.0	0.0	0.0	-0.0	1.0	4.164929699999675
884.0-886.0 kDa	884.0	886.0	0	0.0					0.16031390134529147	0.8396860986547086								
886.0-888.0 kDa	886.0	888.0	1	0.5	1.0	1.0	0.0	1.0	0.33408071748878926	0.6659192825112108	887.7736333799929	1.0	1.0	0.0	0.0	-0.0	1.0	4.094637199999738
888.0-890.0 kDa	888.0	890.0	0	0.0					0.16031390134529147	0.8396860986547086								
890.0-892.0 kDa	890.0	892.0	1	0.5	1.0	1.0	0.0	1.0	0.33408071748878926	0.6659192825112108	891.8682705799927	1.0	1.0	0.0	0.0	-0.0	1.0	4.094637199999738
